"Avg_Cost","SubItemType_C","nrOfFloors","Construction_Material_C","Item_Type_C","FloorsType_C","Floors_No","floodvulnerability","windvulnerability","postcode_coast_flg","postcode_alt_mean","postcode_slo_mean","postcode_rgh_mean","Building_Age","log_postcode_area","log_postcode_perimeter","log_postcode_coast_len"
391.02,1,0,1,1,2,1,"3","2",2,138.14,7.057,66.436,19,16.4305022623201,10.4610727087051,9.63292477189174
591.02,1,0,1,1,2,1,"3","2",2,138.14,7.057,66.436,19,16.4305022623201,10.4610727087051,9.63292477189174
584.72,2,0,1,3,1,1,"3","2",2,138.14,7.057,66.436,58,16.4305022623201,10.4610727087051,9.63292477189174
291.76,1,0,1,1,2,1,"3","2",2,138.14,7.057,66.436,20,16.4305022623201,10.4610727087051,9.63292477189174
2891.76,1,0,1,1,1,3,"3","2",2,138.14,7.057,66.436,17,16.4305022623201,10.4610727087051,9.63292477189174
1136.4,1,2,1,1,1,1,"3","2",2,24.791,2.92,26.905,63,15.5939130519765,10.3534479005308,10.195895938352
91.76,2,0,1,1,1,1,"3","2",2,85.882,4.449,40.595,40,16.7396652475381,10.2587114442075,8.79649020733358
1029.04,1,0,1,3,1,3,"3","2",2,85.882,4.449,40.595,32,16.7396652475381,10.2587114442075,8.79649020733358
282.72,2,1,1,3,1,1,"3","2",2,85.882,4.449,40.595,37,16.7396652475381,10.2587114442075,8.79649020733358
1555.2,1,0,1,1,2,1,"3","2",2,85.882,4.449,40.595,37,16.7396652475381,10.2587114442075,8.79649020733358
941.76,1,0,1,1,2,1,"3","2",2,94.229,3.89,36.753,40,16.0336832935893,9.84017494632436,8.6960086088809
151,1,0,1,3,2,1,"3","2",2,94.229,3.89,36.753,44,16.0336832935893,9.84017494632436,8.6960086088809
135.88,1,0,1,1,2,1,"3","2",2,94.229,3.89,36.753,25,16.0336832935893,9.84017494632436,8.6960086088809
241.76,1,0,1,1,2,1,"3","2",2,94.229,3.89,36.753,25,16.0336832935893,9.84017494632436,8.6960086088809
203.4,1,4,1,1,2,1,"3","2",2,94.229,3.89,36.753,40,16.0336832935893,9.84017494632436,8.6960086088809
6151.57,1,2,1,1,1,1,"3","2",2,94.229,3.89,36.753,62,16.0336832935893,9.84017494632436,8.6960086088809
311.76,1,2,1,1,1,1,"3","2",2,94.229,3.89,36.753,21,16.0336832935893,9.84017494632436,8.6960086088809
1345.88,1,4,1,1,2,2,"3","2",2,94.229,3.89,36.753,13,16.0336832935893,9.84017494632436,8.6960086088809
601.825,1,3,1,1,1,1,"3","2",2,94.229,3.89,36.753,36,16.0336832935893,9.84017494632436,8.6960086088809
303.8,1,3,1,1,1,3,"3","2",2,94.229,3.89,36.753,37,16.0336832935893,9.84017494632436,8.6960086088809
850,1,1,1,1,1,1,"3","2",2,94.229,3.89,36.753,40,16.0336832935893,9.84017494632436,8.6960086088809
355.86,1,3,1,1,1,2,"3","2",2,94.229,3.89,36.753,33,16.0336832935893,9.84017494632436,8.6960086088809
611.4,2,0,1,1,2,2,"3","2",2,94.229,3.89,36.753,31,16.0336832935893,9.84017494632436,8.6960086088809
86.1,1,0,1,1,2,1,"3","2",2,94.229,3.89,36.753,15,16.0336832935893,9.84017494632436,8.6960086088809
300,1,0,1,1,2,1,"3","2",2,94.229,3.89,36.753,26,16.0336832935893,9.84017494632436,8.6960086088809
6451,2,0,1,1,2,1,"3","2",2,94.229,3.89,36.753,26,16.0336832935893,9.84017494632436,8.6960086088809
1451.94,1,0,1,1,2,2,"3","2",2,94.229,3.89,36.753,31,16.0336832935893,9.84017494632436,8.6960086088809
251.05,1,0,1,1,1,2,"3","2",2,94.229,3.89,36.753,18,16.0336832935893,9.84017494632436,8.6960086088809
446.81,1,0,1,1,1,2,"3","2",2,94.229,3.89,36.753,9,16.0336832935893,9.84017494632436,8.6960086088809
501.76,1,0,1,1,2,2,"3","2",2,94.229,3.89,36.753,31,16.0336832935893,9.84017494632436,8.6960086088809
261.02,1,0,1,1,2,1,"3","2",2,128.872,6.275,54.281,28,15.8604086609686,9.52156805800298,7.5522372875608
132.06,1,0,1,1,2,1,"3","2",2,128.872,6.275,54.281,48,15.8604086609686,9.52156805800298,7.5522372875608
500,1,0,1,1,2,1,"3","2",2,128.872,6.275,54.281,48,15.8604086609686,9.52156805800298,7.5522372875608
2835.11,1,3,1,1,1,4,"3","2",2,128.872,6.275,54.281,37,15.8604086609686,9.52156805800298,7.5522372875608
286.8,1,0,1,1,2,1,"3","2",2,128.872,6.275,54.281,42,15.8604086609686,9.52156805800298,7.5522372875608
1052.8,1,0,1,1,2,1,"3","2",2,128.872,6.275,54.281,42,15.8604086609686,9.52156805800298,7.5522372875608
391.76,1,0,1,1,2,1,"3","2",2,128.872,6.275,54.281,42,15.8604086609686,9.52156805800298,7.5522372875608
136.4,1,0,1,3,1,2,"3","2",2,128.872,6.275,54.281,27,15.8604086609686,9.52156805800298,7.5522372875608
573.6,1,0,1,1,2,1,"3","2",2,128.872,6.275,54.281,35,15.8604086609686,9.52156805800298,7.5522372875608
650.78,1,0,1,1,1,1,"3","2",2,128.872,6.275,54.281,52,15.8604086609686,9.52156805800298,7.5522372875608
736.8,1,4,1,1,2,1,"3","2",2,128.872,6.275,54.281,39,15.8604086609686,9.52156805800298,7.5522372875608
86.8,1,0,1,1,2,1,"3","2",2,128.872,6.275,54.281,25,15.8604086609686,9.52156805800298,7.5522372875608
631.8,1,0,1,1,2,1,"3","2",2,128.872,6.275,54.281,25,15.8604086609686,9.52156805800298,7.5522372875608
555.3,1,0,1,1,2,1,"4","3",2,24.018,1.5,14.496,34,15.3115047064701,9.41001056710475,8.70400465348304
241.76,1,0,1,1,2,1,"4","3",2,24.018,1.5,14.496,34,15.3115047064701,9.41001056710475,8.70400465348304
91.76,1,3,1,1,1,1,"4","3",2,24.018,1.5,14.496,27,15.3115047064701,9.41001056710475,8.70400465348304
321.76,1,5,1,1,2,2,"4","3",2,24.018,1.5,14.496,21,15.3115047064701,9.41001056710475,8.70400465348304
418.2,1,4,1,3,1,2,"4","3",2,24.018,1.5,14.496,43,15.3115047064701,9.41001056710475,8.70400465348304
850,1,3,1,1,2,2,"4","3",2,24.018,1.5,14.496,33,15.3115047064701,9.41001056710475,8.70400465348304
446.8,1,0,1,1,2,1,"4","3",2,24.018,1.5,14.496,16,15.3115047064701,9.41001056710475,8.70400465348304
321.4,1,0,1,1,2,1,"4","3",2,24.018,1.5,14.496,28,15.3115047064701,9.41001056710475,8.70400465348304
909.95,1,0,1,1,2,1,"4","3",2,24.018,1.5,14.496,28,15.3115047064701,9.41001056710475,8.70400465348304
171.8,1,0,1,1,2,1,"4","3",2,24.018,1.5,14.496,49,15.3115047064701,9.41001056710475,8.70400465348304
86.8,2,0,1,3,1,2,"4","3",2,24.018,1.5,14.496,42,15.3115047064701,9.41001056710475,8.70400465348304
86.8,1,0,1,1,2,1,"4","3",2,24.018,1.5,14.496,42,15.3115047064701,9.41001056710475,8.70400465348304
216.76,1,0,1,1,2,1,"4","3",2,24.018,1.5,14.496,27,15.3115047064701,9.41001056710475,8.70400465348304
113.46,1,0,1,1,2,1,"4","3",2,24.018,1.5,14.496,21,15.3115047064701,9.41001056710475,8.70400465348304
191.76,1,0,1,1,2,1,"4","3",2,24.018,1.5,14.496,50,15.3115047064701,9.41001056710475,8.70400465348304
86.8,1,0,1,1,2,1,"4","3",2,24.018,1.5,14.496,44,15.3115047064701,9.41001056710475,8.70400465348304
409.2,1,1,1,3,1,1,"4","3",2,24.018,1.5,14.496,40,15.3115047064701,9.41001056710475,8.70400465348304
120,1,0,1,1,2,1,"4","3",2,31.067,1.431,12.404,46,15.8669383531889,9.81950793874085,9.10564630086152
91.76,1,0,1,1,2,1,"4","3",2,31.067,1.431,12.404,22,15.8669383531889,9.81950793874085,9.10564630086152
500,1,0,1,1,2,1,"4","3",2,31.067,1.431,12.404,33,15.8669383531889,9.81950793874085,9.10564630086152
621.4,2,0,1,1,2,1,"4","3",2,23.286,1.774,17.02,23,15.1818361129811,9.74507781578849,9.12052506765382
150.88,1,0,1,1,2,1,"4","3",2,23.286,1.774,17.02,18,15.1818361129811,9.74507781578849,9.12052506765382
291.76,1,5,1,1,2,1,"4","3",2,23.286,1.774,17.02,41,15.1818361129811,9.74507781578849,9.12052506765382
263.76,1,0,1,1,1,1,"4","3",2,23.286,1.774,17.02,34,15.1818361129811,9.74507781578849,9.12052506765382
86.8,1,0,1,1,2,1,"4","3",2,23.286,1.774,17.02,13,15.1818361129811,9.74507781578849,9.12052506765382
143.64,1,5,1,3,2,1,"4","3",2,23.286,1.774,17.02,17,15.1818361129811,9.74507781578849,9.12052506765382
299.22,1,0,1,1,2,1,"4","3",2,23.286,1.774,17.02,41,15.1818361129811,9.74507781578849,9.12052506765382
340,1,0,1,1,2,1,"4","3",2,23.286,1.774,17.02,18,15.1818361129811,9.74507781578849,9.12052506765382
300,2,0,1,3,1,3,"5","3",2,8.742,1.467,13.935,47,14.0311871004273,9.19755903761145,8.85152027169106
191.76,1,6,1,1,2,1,"5","3",2,8.742,1.467,13.935,35,14.0311871004273,9.19755903761145,8.85152027169106
2170.62,1,0,1,1,2,1,"5","3",2,8.742,1.467,13.935,53,14.0311871004273,9.19755903761145,8.85152027169106
441.06,2,0,1,1,2,1,"5","3",2,8.742,1.467,13.935,30,14.0311871004273,9.19755903761145,8.85152027169106
800.65,1,4,2,3,1,1,"5","3",2,8.742,1.467,13.935,16,14.0311871004273,9.19755903761145,8.85152027169106
50,1,4,2,3,1,1,"5","3",2,8.742,1.467,13.935,16,14.0311871004273,9.19755903761145,8.85152027169106
91.76,1,0,1,1,2,1,"5","2",2,18.913,1.475,13.217,61,13.7141155027983,8.34379173199684,6.74405918631135
142.05,1,0,1,1,2,1,"5","2",2,18.913,1.475,13.217,42,13.7141155027983,8.34379173199684,6.74405918631135
86.8,1,0,1,1,2,1,"5","2",2,18.913,1.475,13.217,51,13.7141155027983,8.34379173199684,6.74405918631135
451.53,2,0,1,1,1,1,"5","2",2,18.913,1.475,13.217,53,13.7141155027983,8.34379173199684,6.74405918631135
1000,1,4,1,3,1,1,"4","3",2,5.194,0.554,5.226,58,14.0613568409293,8.91476052739726,8.14757773620177
341.76,1,0,1,1,2,1,"4","3",2,5.194,0.554,5.226,34,14.0613568409293,8.91476052739726,8.14757773620177
1105.78,1,0,1,1,2,1,"4","3",2,5.194,0.554,5.226,49,14.0613568409293,8.91476052739726,8.14757773620177
91.76,1,0,1,1,1,1,"4","3",2,5.194,0.554,5.226,46,14.0613568409293,8.91476052739726,8.14757773620177
243.8,1,0,1,1,2,1,"5","2",2,14.231,0.714,6.346,40,13.7886356408787,8.81254577017224,6.02102334934953
208.42,1,2,1,1,2,1,"5","2",2,14.231,0.714,6.346,42,13.7886356408787,8.81254577017224,6.02102334934953
8593.49,1,2,1,1,1,1,"3","2",2,74.891,5.509,51.798,13,16.9037783473184,10.6240553286721,10.6240553286721
4500,1,2,1,1,1,1,"3","2",2,74.891,5.509,51.798,26,16.9037783473184,10.6240553286721,10.6240553286721
295,1,0,1,1,2,1,"4","2",2,4.652,0.575,4.783,53,13.8056026362118,8.65990729361541,7.97177612288063
9355.73,2,1,1,3,1,2,"4","3",2,11,1.261,12.1,62,12.7253276420986,8.08209327817838,7.12689080889881
91.76,1,1,1,1,2,1,"5","2",2,22.273,2.515,24.045,50,13.7434816538193,8.99342737041261,8.47031120551611
86.8,1,0,1,1,2,1,"5","2",2,22.273,2.515,24.045,22,13.7434816538193,8.99342737041261,8.47031120551611
573.1,1,0,1,1,2,1,"5","2",2,22.273,2.515,24.045,15,13.7434816538193,8.99342737041261,8.47031120551611
336.8,1,0,1,1,2,1,"5","2",2,22.273,2.515,24.045,15,13.7434816538193,8.99342737041261,8.47031120551611
1000,1,4,1,3,1,2,"5","2",2,22.455,2.353,24.182,62,13.002903937367,8.46505743699571,7.8188324438034
356.8,1,0,1,1,2,1,"5","2",2,22.455,2.353,24.182,48,13.002903937367,8.46505743699571,7.8188324438034
86.1,1,0,1,3,2,1,"5","3",2,16.25,1.262,13.125,53,12.7192255590553,8.02715010683277,7.2283884515736
859.85,1,0,1,3,1,1,"5","3",2,16.25,1.262,13.125,51,12.7192255590553,8.02715010683277,7.2283884515736
501.2,1,0,1,1,2,1,"5","3",2,25.333,2.004,19.778,49,12.8000870996546,8.10621290261996,7.34729970074316
591.2,1,0,1,1,2,1,"5","3",2,25.333,2.004,19.778,49,12.8000870996546,8.10621290261996,7.34729970074316
1811.63,1,4,1,3,2,2,"5","3",2,25.333,2.004,19.778,57,12.8000870996546,8.10621290261996,7.34729970074316
1329.63,1,8,1,3,1,1,"5","3",2,25.333,2.004,19.778,53,12.8000870996546,8.10621290261996,7.34729970074316
847.45,2,0,1,1,2,1,"5","3",2,25.333,2.004,19.778,62,12.8000870996546,8.10621290261996,7.34729970074316
91.76,1,4,1,1,1,1,"4","3",2,28.182,3.294,28,32,13.1297956892216,8.54811029405096,7.83557924666997
1186.04,1,4,1,1,2,2,"4","3",2,28.182,3.294,28,61,13.1297956892216,8.54811029405096,7.83557924666997
288.41,1,0,1,1,2,1,"4","3",2,28.182,3.294,28,45,13.1297956892216,8.54811029405096,7.83557924666997
161.2,1,4,1,3,1,1,"4","2",2,20.2,3.614,30.1,33,13.5393406323994,8.38548870041881,7.68478394352278
542.25,1,0,2,3,1,1,"4","2",2,20.2,3.614,30.1,49,13.5393406323994,8.38548870041881,7.68478394352278
91.76,1,0,1,1,2,1,"5","3",2,13.548,1.696,15.762,44,14.296573432693,8.88377886146348,8.4252971767117
656,1,0,1,1,1,1,"4","3",2,54.739,4.791,45.151,49,17.4565449499092,11.0900038752126,10.9773801449138
779.95,1,0,1,1,1,1,"4","3",2,54.739,4.791,45.151,50,17.4565449499092,11.0900038752126,10.9773801449138
135.3,1,0,1,3,1,1,"4","3",2,54.739,4.791,45.151,36,17.4565449499092,11.0900038752126,10.9773801449138
2958.05,2,0,1,3,1,1,"4","3",2,54.739,4.791,45.151,52,17.4565449499092,11.0900038752126,10.9773801449138
136.4,1,0,1,1,2,1,"4","3",2,54.739,4.791,45.151,25,17.4565449499092,11.0900038752126,10.9773801449138
199.73,1,2,1,1,1,1,"3","2",2,149.848,5.372,50.753,37,18.676294343096,11.447415805764,10.6681178347179
1340.65,1,3,2,2,1,1,"3","2",2,129.159,5.159,48.864,16,18.4963898721428,11.1023824862715,10.2050725301569
4112.7,1,2,2,3,1,1,"3","2",2,129.159,5.159,48.864,17,18.4963898721428,11.1023824862715,10.2050725301569
850,1,4,1,1,2,1,"3","2",2,129.159,5.159,48.864,43,18.4963898721428,11.1023824862715,10.2050725301569
109.95,1,0,1,1,2,1,"3","2",2,129.159,5.159,48.864,29,18.4963898721428,11.1023824862715,10.2050725301569
2729.54,1,2,1,1,1,1,"3","2",2,207.449,7.017,65.465,15,17.4281162617037,10.3708627304282,9.19725513242753
1301.76,1,0,1,1,2,1,"3","2",2,207.449,7.017,65.465,15,17.4281162617037,10.3708627304282,9.19725513242753
270.88,1,2,1,1,2,1,"4","2",2,18.198,3.199,27.548,22,15.4477032065185,10.0431625346086,9.2471543450989
2943.86,1,0,1,3,1,1,"4","2",2,18.198,3.199,27.548,32,15.4477032065185,10.0431625346086,9.2471543450989
536.1,2,0,1,1,1,1,"3","2",2,164.278,5.212,49.114,13,18.8419394736292,11.1655358500562,10.5534662376947
627.93,1,1,1,1,1,3,"3","2",2,143.607,3.38,31.799,32,17.4928286614793,10.4864849895951,8.98293776374159
476.21,1,2,1,1,2,1,"3","2",2,143.607,3.38,31.799,18,17.4928286614793,10.4864849895951,8.98293776374159
1574.8,1,0,1,1,1,2,"3","2",2,143.607,3.38,31.799,17,17.4928286614793,10.4864849895951,8.98293776374159
472.2,1,2,1,1,1,3,"3","2",2,143.607,3.38,31.799,31,17.4928286614793,10.4864849895951,8.98293776374159
3748.75,1,2,1,1,1,3,"3","2",2,143.607,3.38,31.799,31,17.4928286614793,10.4864849895951,8.98293776374159
281.76,1,0,1,1,1,1,"3","2",2,143.607,3.38,31.799,30,17.4928286614793,10.4864849895951,8.98293776374159
161.2,1,2,1,1,1,1,"3","2",2,143.607,3.38,31.799,32,17.4928286614793,10.4864849895951,8.98293776374159
206.46,1,1,1,3,1,1,"2","2",2,150.116,6.109,57.94,37,18.0060178758385,10.7609620265177,9.11471014096093
186,1,1,1,3,1,1,"2","2",2,496.403,7.907,73.659,20,19.6687066904541,12.087058227033,10.3746779772614
600,1,2,1,1,1,3,"2","2",2,496.403,7.907,73.659,58,19.6687066904541,12.087058227033,10.3746779772614
917.44,1,1,2,1,1,1,"2","2",2,496.403,7.907,73.659,50,19.6687066904541,12.087058227033,10.3746779772614
86.8,1,0,1,1,2,1,"3","2",2,83.429,5.388,49.686,49,17.5827219187043,10.6602196747212,10.1330504556525
110,1,0,1,1,2,1,"3","2",2,83.429,5.388,49.686,22,17.5827219187043,10.6602196747212,10.1330504556525
201.76,1,0,1,1,1,1,"3","2",2,83.429,5.388,49.686,22,17.5827219187043,10.6602196747212,10.1330504556525
415.96,1,3,1,3,1,1,"3","2",2,83.429,5.388,49.686,51,17.5827219187043,10.6602196747212,10.1330504556525
561.2,1,3,1,1,2,1,"3","2",2,83.429,5.388,49.686,19,17.5827219187043,10.6602196747212,10.1330504556525
566.46,1,1,2,1,1,1,"3","2",2,83.429,5.388,49.686,43,17.5827219187043,10.6602196747212,10.1330504556525
911.43,1,0,1,1,1,1,"3","2",2,83.429,5.388,49.686,18,17.5827219187043,10.6602196747212,10.1330504556525
466.41,1,2,1,1,2,1,"3","2",2,83.429,5.388,49.686,23,17.5827219187043,10.6602196747212,10.1330504556525
91.76,1,2,1,1,1,1,"3","2",2,362.513,5.672,53.476,21,18.9365783056679,11.1290408146454,9.72364292561707
2969.87,1,2,1,1,1,1,"3","2",2,362.513,5.672,53.476,21,18.9365783056679,11.1290408146454,9.72364292561707
5000,1,1,1,1,1,3,"3","2",2,362.513,5.672,53.476,15,18.9365783056679,11.1290408146454,9.72364292561707
446.76,1,0,2,1,1,1,"3","2",2,362.513,5.672,53.476,40,18.9365783056679,11.1290408146454,9.72364292561707
491.76,1,0,2,1,1,1,"3","2",2,362.513,5.672,53.476,40,18.9365783056679,11.1290408146454,9.72364292561707
315.83,1,0,1,1,1,1,"3","2",2,362.513,5.672,53.476,42,18.9365783056679,11.1290408146454,9.72364292561707
243.9,1,1,1,1,1,3,"3","2",2,362.513,5.672,53.476,36,18.9365783056679,11.1290408146454,9.72364292561707
2649.7,2,1,1,3,1,1,"3","2",2,362.513,5.672,53.476,40,18.9365783056679,11.1290408146454,9.72364292561707
276.76,2,1,2,1,2,1,"3","2",2,100.256,3.865,35.17,33,18.0821205470584,10.851373846,9.83472679696534
135,2,0,2,1,1,1,"3","2",2,100.256,3.865,35.17,38,18.0821205470584,10.851373846,9.83472679696534
1166.45,1,0,1,1,2,1,"3","2",2,100.256,3.865,35.17,44,18.0821205470584,10.851373846,9.83472679696534
305.78,1,0,1,1,2,1,"3","2",2,100.256,3.865,35.17,42,18.0821205470584,10.851373846,9.83472679696534
259,2,0,1,1,1,1,"3","2",2,100.256,3.865,35.17,42,18.0821205470584,10.851373846,9.83472679696534
271.76,1,0,1,1,1,1,"3","2",2,100.256,3.865,35.17,37,18.0821205470584,10.851373846,9.83472679696534
8727.6,1,0,1,1,1,1,"3","2",2,100.256,3.865,35.17,44,18.0821205470584,10.851373846,9.83472679696534
3091.76,1,1,1,1,1,1,"3","2",2,100.256,3.865,35.17,48,18.0821205470584,10.851373846,9.83472679696534
431.24,1,0,1,1,1,1,"3","2",2,100.256,3.865,35.17,41,18.0821205470584,10.851373846,9.83472679696534
281.85,1,2,1,1,1,3,"4","2",2,52.364,2.718,24.829,39,16.9098016832145,10.2289349526583,9.3729692954244
161.2,1,1,1,3,1,1,"4","2",2,52.364,2.718,24.829,12,16.9098016832145,10.2289349526583,9.3729692954244
294.08,1,0,1,1,1,1,"4","2",2,52.364,2.718,24.829,32,16.9098016832145,10.2289349526583,9.3729692954244
2839.16,2,3,1,3,1,1,"4","2",2,52.364,2.718,24.829,37,16.9098016832145,10.2289349526583,9.3729692954244
891.76,1,5,2,1,1,1,"4","2",2,52.364,2.718,24.829,43,16.9098016832145,10.2289349526583,9.3729692954244
4008.93,1,1,1,1,1,1,"3","2",2,296.824,7.165,66.008,44,19.5988918725685,11.601677825568,10.6586701240155
3645.92,1,1,1,1,1,1,"3","2",2,296.824,7.165,66.008,44,19.5988918725685,11.601677825568,10.6586701240155
1136.8,1,1,1,3,1,1,"3","2",2,296.824,7.165,66.008,44,19.5988918725685,11.601677825568,10.6586701240155
288.8,1,0,1,1,1,1,"3","2",2,296.824,7.165,66.008,44,19.5988918725685,11.601677825568,10.6586701240155
1758.63,1,1,1,1,1,2,"3","2",2,296.824,7.165,66.008,40,19.5988918725685,11.601677825568,10.6586701240155
994.68,1,2,1,1,1,1,"3","2",2,296.824,7.165,66.008,26,19.5988918725685,11.601677825568,10.6586701240155
847.31,1,2,1,1,1,2,"3","2",2,296.824,7.165,66.008,32,19.5988918725685,11.601677825568,10.6586701240155
1100.02,1,0,1,1,1,1,"3","2",2,296.824,7.165,66.008,49,19.5988918725685,11.601677825568,10.6586701240155
521.08,1,0,1,1,1,1,"3","2",2,296.824,7.165,66.008,49,19.5988918725685,11.601677825568,10.6586701240155
120,1,0,1,1,2,1,"4","2",2,26.202,1.362,12.15,40,16.7692952037105,10.6151129543418,9.86427883931085
2419.67,1,0,1,3,1,1,"3","2",2,175.592,4.452,42.097,43,18.51591843022,10.9999642290738,8.83579236650274
985.81,1,2,2,1,2,1,"3","2",2,175.592,4.452,42.097,24,18.51591843022,10.9999642290738,8.83579236650274
2426,1,3,1,1,1,1,"3","2",2,175.592,4.452,42.097,21,18.51591843022,10.9999642290738,8.83579236650274
200,1,0,1,1,2,1,"3","2",2,175.592,4.452,42.097,17,18.51591843022,10.9999642290738,8.83579236650274
1731.68,1,4,1,1,1,3,"3","3",2,78.342,3.681,33.321,49,17.5595411877628,10.8514319782121,10.5002339588097
852.22,1,2,1,1,1,1,"3","2",2,280.556,5.921,54.359,34,18.1676399921464,11.0936757846914,8.38571682862785
513.51,1,0,1,1,2,2,"3","2",2,206.216,5.603,53.168,14,17.9331547467619,11.4333626421335,8.72339402200014
871.52,2,0,1,3,1,1,"3","2",2,206.216,5.603,53.168,57,17.9331547467619,11.4333626421335,8.72339402200014
1501,1,1,2,1,1,1,"3","2",2,206.216,5.603,53.168,18,17.9331547467619,11.4333626421335,8.72339402200014
1321.09,1,0,1,3,1,3,"1","1",2,798.406,13.12,125.642,43,18.4341784881593,10.9595054435718,9.29293367028004
225.95,2,0,1,1,1,1,"4","2",2,22.274,0.838,7.97,14,16.0491532067713,9.70173849807608,8.31898612539206
2117.78,1,0,1,3,1,2,"3","2",2,295.957,6.312,58.536,62,18.8914233813143,11.5871884251127,10.1792235539695
412.55,1,1,1,3,1,2,"3","2",2,295.957,6.312,58.536,42,18.8914233813143,11.5871884251127,10.1792235539695
320,2,0,1,1,2,1,"4","2",2,124.891,4.804,44.985,35,17.744042419233,10.7846483924265,9.56444200779579
3456.2,2,1,2,3,1,1,"4","2",2,124.891,4.804,44.985,20,17.744042419233,10.7846483924265,9.56444200779579
1033.83,1,4,1,3,1,1,"2","2",2,325.77,9.799,91.223,41,19.0097031061771,11.5519634691255,11.1830037269106
1641.12,1,0,1,1,2,1,"2","2",2,325.77,9.799,91.223,49,19.0097031061771,11.5519634691255,11.1830037269106
2298.99,1,2,1,1,1,1,"2","2",2,325.77,9.799,91.223,9,19.0097031061771,11.5519634691255,11.1830037269106
238.74,2,1,2,3,1,1,"2","2",2,325.77,9.799,91.223,15,19.0097031061771,11.5519634691255,11.1830037269106
2490.22,1,4,1,3,1,1,"2","2",2,325.77,9.799,91.223,55,19.0097031061771,11.5519634691255,11.1830037269106
687.1,1,0,1,3,1,1,"2","2",2,325.77,9.799,91.223,62,19.0097031061771,11.5519634691255,11.1830037269106
464.43,1,0,1,1,1,1,"3","3",2,109.643,4.196,39.578,19,18.2995450632069,10.9015241562606,9.76675102896266
1598.54,2,2,1,1,1,1,"3","3",2,109.643,4.196,39.578,16,18.2995450632069,10.9015241562606,9.76675102896266
91.76,1,2,1,3,1,1,"2","1",2,356.683,7.764,73.636,62,20.1982200542718,12.1216633347734,9.26359673827661
250,1,1,2,2,1,1,"2","1",2,356.683,7.764,73.636,33,20.1982200542718,12.1216633347734,9.26359673827661
2019.17,1,0,1,1,1,1,"2","1",2,356.683,7.764,73.636,38,20.1982200542718,12.1216633347734,9.26359673827661
243.54,1,1,1,3,1,1,"2","1",2,356.683,7.764,73.636,31,20.1982200542718,12.1216633347734,9.26359673827661
600,1,0,1,1,1,1,"3","2",2,234.001,7.033,64.965,20,19.3368653141916,11.906412454319,11.5042781847777
6682.59,1,1,1,1,1,1,"3","2",2,234.001,7.033,64.965,37,19.3368653141916,11.906412454319,11.5042781847777
2586.83,1,0,1,1,1,1,"3","2",2,234.001,7.033,64.965,14,19.3368653141916,11.906412454319,11.5042781847777
405.71,1,0,1,3,1,1,"3","2",2,234.001,7.033,64.965,31,19.3368653141916,11.906412454319,11.5042781847777
1096.4,1,0,1,3,1,1,"1","1",2,715.029,10.575,100.234,21,20.0462248248949,11.9923594879451,11.0251162530067
30,1,0,1,3,1,1,"1","1",2,715.029,10.575,100.234,17,20.0462248248949,11.9923594879451,11.0251162530067
673.72,1,0,1,1,1,1,"1","1",2,715.029,10.575,100.234,13,20.0462248248949,11.9923594879451,11.0251162530067
1565.06,1,1,1,3,1,2,"2","1",2,361.256,12.517,119.338,29,18.1817305355579,10.7752410636425,9.76989901542175
750,1,1,1,3,1,2,"2","1",2,361.256,12.517,119.338,29,18.1817305355579,10.7752410636425,9.76989901542175
1623.96,1,1,1,3,1,2,"2","1",2,259.154,10.305,97.34,35,18.5645970623364,11.3999919015923,11.25249532887
150.66,1,2,1,3,1,1,"2","1",2,267.903,7.277,69.811,43,19.3532015251373,11.6468267891616,10.5591924376202
506.67,1,1,2,1,1,1,"3","2",2,209.13,4.081,38.089,3,19.1673735539878,11.612345370091,10.8136797259484
65,1,2,1,1,1,2,"3","2",2,86.756,4.425,40.647,22,18.379954349029,11.5102518941628,11.2311194280906
1406.57,1,0,1,1,1,1,"3","3",2,340.997,8.003,74.583,25,19.1635434033032,11.8443995171666,10.2204128434576
529.77,1,4,1,3,1,1,"3","3",2,340.997,8.003,74.583,42,19.1635434033032,11.8443995171666,10.2204128434576
1946,1,2,1,1,2,1,"3","3",2,340.997,8.003,74.583,43,19.1635434033032,11.8443995171666,10.2204128434576
994.52,1,0,1,1,1,1,"3","3",2,340.997,8.003,74.583,31,19.1635434033032,11.8443995171666,10.2204128434576
278.26,1,3,2,1,1,1,"3","3",2,340.997,8.003,74.583,8,19.1635434033032,11.8443995171666,10.2204128434576
379.22,1,0,1,1,1,1,"3","2",2,228.6,4.071,37.725,54,18.6875748638845,11.2343484817671,10.4218050420604
391.2,1,0,1,1,2,1,"2","2",2,433.446,8.711,82.168,41,19.181618933385,11.3756269857765,9.98322252055498
405.18,1,1,1,3,1,1,"2","2",2,433.446,8.711,82.168,54,19.181618933385,11.3756269857765,9.98322252055498
425,1,2,1,1,1,1,"4","3",2,82.45,3.592,33.572,13,17.6100212685824,10.6848974102164,9.60285532090872
167.4,1,0,1,1,2,1,"1","1",2,1111.703,15.22,145.103,21,18.701356162031,11.2353785247766,8.27792025817214
1608.48,1,2,1,1,1,1,"2","2",2,578.821,12.098,115.552,17,19.627208638254,11.4551480360506,10.0463750400847
3344.69,1,4,1,1,1,1,"2","2",2,578.821,12.098,115.552,14,19.627208638254,11.4551480360506,10.0463750400847
791.58,1,1,1,1,1,1,"2","2",2,578.821,12.098,115.552,16,19.627208638254,11.4551480360506,10.0463750400847
1088.14,2,4,1,3,1,2,"5","2",2,13.833,2.119,20.083,47,13.0165182999209,8.16990264735914,7.22693601849329
3782.08,1,6,1,3,1,2,"5","2",2,13.833,2.119,20.083,72,13.0165182999209,8.16990264735914,7.22693601849329
258.3,1,0,1,3,1,2,"5","2",2,13.833,2.119,20.083,56,13.0165182999209,8.16990264735914,7.22693601849329
1893.5,2,1,2,3,1,1,"5","2",2,13.833,2.119,20.083,62,13.0165182999209,8.16990264735914,7.22693601849329
330.26,2,3,1,3,1,1,"5","2",2,13.833,2.119,20.083,25,13.0165182999209,8.16990264735914,7.22693601849329
246.3,1,2,1,3,1,1,"5","3",2,8.444,1.294,10.852,52,13.9173195745084,8.56541176368671,7.76768727718691
132.06,1,6,1,3,1,2,"5","3",2,8.444,1.294,10.852,47,13.9173195745084,8.56541176368671,7.76768727718691
3592.59,2,0,1,3,1,1,"5","3",2,4.282,0.666,5.859,62,14.7987501537645,9.27753162151651,8.29029259122431
859.15,1,0,1,1,2,1,"5","2",2,24.32,2.353,22,33,13.7797341463884,8.67931204089267,7.61874237767041
3329.25,1,5,1,3,2,1,"5","2",2,13.422,1.54,14.414,47,15.3713668756369,9.37050152410012,8.61631428228404
857.28,1,0,1,1,2,1,"5","2",2,13.422,1.54,14.414,30,15.3713668756369,9.37050152410012,8.61631428228404
401.73,1,0,1,1,2,1,"5","2",2,13.422,1.54,14.414,12,15.3713668756369,9.37050152410012,8.61631428228404
149.57,1,0,1,1,1,1,"3","2",2,680.34,10.72,102.491,36,18.7645742036226,11.1774807003189,8.08147504013705
373.2,1,0,1,1,1,1,"3","2",2,680.34,10.72,102.491,35,18.7645742036226,11.1774807003189,8.08147504013705
284,1,0,1,1,1,1,"4","2",2,85.928,1.604,15.169,47,19.5171027423517,11.8029872037688,10.7894633964079
578.84,1,2,1,3,1,2,"2","2",2,296.399,7.038,65.361,25,18.8904953928424,11.2571683253028,9.70753349401088
7042.3,1,2,1,1,1,1,"2","2",2,296.399,7.038,65.361,17,18.8904953928424,11.2571683253028,9.70753349401088
1345.33,1,2,1,1,1,1,"2","2",2,296.399,7.038,65.361,17,18.8904953928424,11.2571683253028,9.70753349401088
371.65,1,0,1,1,2,1,"4","3",2,69.906,2.314,21.66,37,19.2516607333924,11.4561646191485,10.3315618035052
468.5,1,0,1,3,1,1,"4","2",2,86.567,1.842,17.466,58,18.8809012175579,11.2861126902816,9.33220395973302
291.21,1,2,1,3,1,1,"4","2",2,86.567,1.842,17.466,47,18.8809012175579,11.2861126902816,9.33220395973302
918.8,2,1,1,3,1,2,"4","2",2,86.567,1.842,17.466,52,18.8809012175579,11.2861126902816,9.33220395973302
288.05,1,0,1,3,1,2,"4","2",2,86.567,1.842,17.466,42,18.8809012175579,11.2861126902816,9.33220395973302
812.25,1,0,1,1,2,1,"3","2",2,224.021,8.178,77.232,37,19.0311501656388,11.2825810495526,10.0039209498574
1805.15,2,1,2,1,1,1,"3","2",2,196.302,5.324,49.656,62,19.022704369551,12.6258252002464,12.3430219404662
455.97,2,0,1,3,1,1,"3","2",2,196.302,5.324,49.656,15,19.022704369551,12.6258252002464,12.3430219404662
1431.96,1,0,1,3,1,1,"1","2",2,532.253,13.994,133.979,42,19.1473728541059,11.5757875817269,9.10731047165664
850,1,0,1,1,2,1,"1","2",2,532.253,13.994,133.979,30,19.1473728541059,11.5757875817269,9.10731047165664
8572.95,1,1,1,3,1,2,"1","2",2,532.253,13.994,133.979,37,19.1473728541059,11.5757875817269,9.10731047165664
1411.88,1,1,2,1,1,1,"1","2",2,532.253,13.994,133.979,62,19.1473728541059,11.5757875817269,9.10731047165664
184.87,1,4,1,3,1,1,"1","2",2,532.253,13.994,133.979,43,19.1473728541059,11.5757875817269,9.10731047165664
840.29,1,0,1,1,2,1,"2","1",2,453.843,8.867,83.745,17,20.0303302440002,12.2633599399536,10.1614575610024
1154.91,1,2,1,1,1,1,"2","1",2,398.083,11.889,112.115,24,19.5679650723532,11.8598146845074,11.6713726160179
2500,1,1,1,1,1,1,"4","2",2,38.848,2.465,22.224,44,16.6769063148684,10.0898841284832,9.16868469670735
368.81,1,1,2,1,1,1,"2","2",2,287.991,11.45,109.519,22,17.6619705176087,10.9229484028988,10.5124919649836
1117.35,1,3,1,1,2,2,"2","2",2,430.124,7.945,74.896,46,18.5166976921189,11.2460389907081,9.21562637640542
1869.65,1,0,1,3,1,1,"2","3",2,224.893,6.926,62.889,62,17.8877893519175,10.7411462479388,9.8284945734947
523.6,1,0,1,3,1,1,"2","3",2,224.893,6.926,62.889,23,17.8877893519175,10.7411462479388,9.8284945734947
1157.58,1,0,1,1,2,1,"2","3",2,224.893,6.926,62.889,47,17.8877893519175,10.7411462479388,9.8284945734947
850,1,0,1,1,1,1,"3","1",2,299.885,6.509,61.692,46,18.7630179124737,11.2107387063156,10.149018622728
1608.87,1,0,1,1,2,1,"3","1",2,299.885,6.509,61.692,46,18.7630179124737,11.2107387063156,10.149018622728
1422.38,1,0,1,1,1,1,"3","1",2,299.885,6.509,61.692,35,18.7630179124737,11.2107387063156,10.149018622728
200,1,0,1,1,2,1,"2","1",2,278.047,9.233,87.179,42,18.9425469851811,11.5956660685092,11.1636658167856
289.78,1,1,1,1,1,1,"2","1",2,568.515,12.654,121.298,41,19.1904088008023,11.3647502298933,9.59280976029003
6876.12,1,1,2,3,1,1,"2","1",2,568.515,12.654,121.298,32,19.1904088008023,11.3647502298933,9.59280976029003
500,1,1,1,1,1,3,"2","1",2,201.683,8.592,80.485,6,19.0512066895397,11.8612980394212,11.6735210460186
1482.43,1,0,1,3,1,1,"2","2",2,154.745,7.94,74.881,52,18.6521626424233,11.577195199988,11.1567646745462
1391.91,1,3,1,2,1,1,"3","2",2,196.98,6.249,58.69,62,19.7685652510838,12.1705335469095,11.3795997654751
30,1,0,1,1,2,1,"3","2",2,196.98,6.249,58.69,22,19.7685652510838,12.1705335469095,11.3795997654751
165.91,2,0,1,1,2,1,"3","2",2,196.98,6.249,58.69,18,19.7685652510838,12.1705335469095,11.3795997654751
1259.58,1,2,1,1,2,1,"3","2",2,196.98,6.249,58.69,16,19.7685652510838,12.1705335469095,11.3795997654751
179.58,1,0,1,1,2,2,"3","2",2,196.98,6.249,58.69,19,19.7685652510838,12.1705335469095,11.3795997654751
295.2,1,4,1,3,2,1,"3","2",2,196.98,6.249,58.69,39,19.7685652510838,12.1705335469095,11.3795997654751
196.85,1,0,1,1,1,2,"3","2",2,196.98,6.249,58.69,44,19.7685652510838,12.1705335469095,11.3795997654751
291.88,1,0,1,1,2,1,"3","2",2,196.98,6.249,58.69,22,19.7685652510838,12.1705335469095,11.3795997654751
250,1,0,1,3,1,1,"3","2",2,196.98,6.249,58.69,52,19.7685652510838,12.1705335469095,11.3795997654751
195.92,1,1,1,1,1,1,"3","2",2,196.98,6.249,58.69,30,19.7685652510838,12.1705335469095,11.3795997654751
551.04,1,0,1,3,1,1,"3","2",2,196.98,6.249,58.69,43,19.7685652510838,12.1705335469095,11.3795997654751
246.25,1,0,1,1,2,1,"3","2",2,196.98,6.249,58.69,43,19.7685652510838,12.1705335469095,11.3795997654751
1252.77,1,2,1,1,1,2,"2","2",2,254.411,6.006,56.408,30,19.5724838868354,11.5904604154629,10.707616917522
104.57,1,2,1,1,2,1,"2","1",2,379.322,8.837,84.111,49,19.722172927821,11.6500665846836,10.5704960754864
1459.4,1,1,1,1,1,3,"2","1",2,379.322,8.837,84.111,26,19.722172927821,11.6500665846836,10.5704960754864
362.13,1,1,1,1,2,1,"2","1",2,379.322,8.837,84.111,43,19.722172927821,11.6500665846836,10.5704960754864
5510.96,1,1,2,1,1,1,"2","1",2,379.322,8.837,84.111,46,19.722172927821,11.6500665846836,10.5704960754864
599.71,1,0,1,1,2,1,"4","2",2,99.378,4.451,41.39,18,16.9812755640635,10.1953359338573,9.17076759685636
894.25,1,2,1,1,2,2,"4","2",2,99.378,4.451,41.39,41,16.9812755640635,10.1953359338573,9.17076759685636
995.17,1,2,1,1,1,1,"3","2",2,165.287,4.498,41.473,19,18.2989018592641,10.9635149258887,10.3756762926872
2133.13,1,0,1,1,1,1,"3","2",2,165.287,4.498,41.473,40,18.2989018592641,10.9635149258887,10.3756762926872
416.6,1,6,1,1,2,1,"3","2",2,462.156,7.512,70.793,17,20.3346666025035,12.0193032115802,8.79694389354174
259.01,1,4,1,2,1,2,"2","1",2,354.829,7.34,68.916,43,19.8064888093497,11.7487877886922,10.132334806767
1888.29,1,1,1,1,1,1,"2","2",2,190.344,7.056,66.132,30,19.152011600128,11.7549849760974,11.5794152062391
654.86,1,1,1,1,1,1,"3","2",2,260.814,7.441,70.121,27,17.989726459331,11.031545368422,9.87018926713461
3094.47,1,0,2,1,1,1,"1","1",2,407.04,9.536,87.028,23,18.3406001263936,11.0174973553842,9.98211387299132
249.12,1,0,1,3,1,1,"2","2",2,418.863,6.126,57.356,42,20.1828252214103,11.8034659482705,9.5313363234579
366,1,0,1,1,2,1,"5","3",2,36,1.882,18.1,50,14.8357760057191,9.26036786557583,8.11761074646623
150,1,0,1,1,2,1,"5","3",2,36,1.882,18.1,44,14.8357760057191,9.26036786557583,8.11761074646623
680.8,1,0,1,1,2,1,"5","3",2,36,1.882,18.1,12,14.8357760057191,9.26036786557583,8.11761074646623
1296.2,1,0,1,1,2,2,"5","3",2,36,1.882,18.1,42,14.8357760057191,9.26036786557583,8.11761074646623
2000,1,0,1,3,1,1,"5","3",2,36,1.882,18.1,53,14.8357760057191,9.26036786557583,8.11761074646623
457.9,1,0,1,1,2,2,"5","3",2,36,1.882,18.1,44,14.8357760057191,9.26036786557583,8.11761074646623
381.48,1,0,1,1,2,2,"5","3",2,36,1.882,18.1,44,14.8357760057191,9.26036786557583,8.11761074646623
1000,1,5,1,3,1,1,"5","3",2,36,1.882,18.1,42,14.8357760057191,9.26036786557583,8.11761074646623
610.69,1,0,1,1,2,1,"5","3",2,36,1.882,18.1,47,14.8357760057191,9.26036786557583,8.11761074646623
537.4,2,0,1,3,1,2,"5","3",2,36,1.882,18.1,44,14.8357760057191,9.26036786557583,8.11761074646623
250.48,1,1,1,3,1,2,"5","3",2,36,1.882,18.1,62,14.8357760057191,9.26036786557583,8.11761074646623
2261.54,1,0,1,3,1,2,"5","3",2,36,1.882,18.1,40,14.8357760057191,9.26036786557583,8.11761074646623
75,1,0,1,1,2,1,"5","2",2,25.78,2.548,24.04,16,14.4996538246772,8.90286367219622,7.77779262633883
1985.58,1,0,1,1,2,1,"5","2",2,25.78,2.548,24.04,31,14.4996538246772,8.90286367219622,7.77779262633883
90,1,0,1,1,2,1,"5","3",2,28.452,1.808,17.37,27,14.8575927059757,9.29136721061856,6.8351845861473
1687.24,1,0,1,3,1,1,"5","3",2,28.452,1.808,17.37,2,14.8575927059757,9.29136721061856,6.8351845861473
714.77,1,0,1,1,2,1,"5","3",2,28.452,1.808,17.37,27,14.8575927059757,9.29136721061856,6.8351845861473
350,1,0,1,3,1,2,"4","3",2,44.012,3.899,35.774,62,16.6527813066692,10.4942420313408,10.0426406139287
2750,1,2,1,3,1,1,"4","3",2,44.012,3.899,35.774,52,16.6527813066692,10.4942420313408,10.0426406139287
385.75,1,0,1,1,2,1,"2","2",2,387.067,7.87,72.815,22,19.8452382324828,12.1640259430278,10.548127029031
729.13,1,2,2,3,1,3,"2","2",2,387.067,7.87,72.815,34,19.8452382324828,12.1640259430278,10.548127029031
350,1,3,1,1,1,1,"2","2",2,387.067,7.87,72.815,33,19.8452382324828,12.1640259430278,10.548127029031
637.99,2,0,1,1,1,1,"2","2",2,387.067,7.87,72.815,20,19.8452382324828,12.1640259430278,10.548127029031
168.49,1,2,1,1,1,1,"3","2",2,407.575,7.435,69.294,30,20.2214878165657,11.640782036211,10.4009543430991
524.59,1,0,1,1,1,1,"3","2",2,407.575,7.435,69.294,13,20.2214878165657,11.640782036211,10.4009543430991
2129.13,1,0,1,1,1,2,"3","2",2,407.575,7.435,69.294,16,20.2214878165657,11.640782036211,10.4009543430991
261.4,1,0,1,1,2,1,"3","2",2,346.863,7.854,73.099,44,19.0087870577613,11.5011362443953,10.0883475514247
2000,1,0,1,1,2,1,"3","2",2,346.863,7.854,73.099,39,19.0087870577613,11.5011362443953,10.0883475514247
6500,2,0,2,3,1,1,"3","2",2,221.417,8.826,84.356,62,19.5147481368773,12.1859413642332,11.410050746047
433.6,1,0,1,3,1,1,"3","2",2,221.417,8.826,84.356,57,19.5147481368773,12.1859413642332,11.410050746047
333.6,1,1,1,3,1,1,"3","2",2,221.417,8.826,84.356,21,19.5147481368773,12.1859413642332,11.410050746047
1297.6,1,0,1,1,1,1,"2","2",2,280.463,10.411,98.452,34,18.5499443625711,11.2520281240441,10.3532884744643
1167.6,1,0,1,1,1,1,"2","2",2,280.463,10.411,98.452,34,18.5499443625711,11.2520281240441,10.3532884744643
1237.83,1,0,1,1,1,1,"2","2",2,280.463,10.411,98.452,34,18.5499443625711,11.2520281240441,10.3532884744643
1267.6,1,0,1,1,1,1,"2","2",2,280.463,10.411,98.452,34,18.5499443625711,11.2520281240441,10.3532884744643
1138.88,1,4,1,2,1,2,"3","3",2,97.622,4.279,39.926,45,18.9519381323602,11.6835876479955,11.4101837395083
357.45,1,2,1,3,1,3,"3","3",2,97.622,4.279,39.926,36,18.9519381323602,11.6835876479955,11.4101837395083
3000,1,1,1,3,1,3,"3","3",2,97.622,4.279,39.926,12,18.9519381323602,11.6835876479955,11.4101837395083
498.5,1,2,1,1,1,1,"3","3",2,97.622,4.279,39.926,16,18.9519381323602,11.6835876479955,11.4101837395083
74.4,1,0,1,3,1,1,"3","3",2,42.381,2.906,27.025,14,18.4100086087611,11.1734868329454,11.0964398535786
289.75,1,0,1,3,1,1,"3","3",2,205.431,6.617,62.07,8,19.0999839118591,11.6079810669178,11.3281007779582
148.8,2,3,2,3,1,1,"3","2",2,76.043,5.123,48.243,62,17.0017767824351,11.0619869362127,11.0619869362127
4554.33,2,2,1,3,1,1,"3","2",2,76.043,5.123,48.243,38,17.0017767824351,11.0619869362127,11.0619869362127
300,1,1,2,3,1,1,"3","2",2,76.043,5.123,48.243,62,17.0017767824351,11.0619869362127,11.0619869362127
1127.98,1,0,1,3,1,1,"3","2",2,166.303,6.898,63.667,20,18.5114751155529,11.2086125298546,10.3756451104112
1441.3,1,1,1,3,1,1,"3","3",2,112.989,6.833,64.771,30,18.3909191487497,10.9937820104307,10.6061394201103
5020.44,1,0,1,3,1,1,"3","3",2,112.989,6.833,64.771,62,18.3909191487497,10.9937820104307,10.6061394201103
220,1,0,1,3,2,2,"4","3",2,66.806,4.244,39.855,37,18.4222155854803,11.7434417706139,11.5270453091309
1171.01,1,0,1,3,1,1,"4","3",2,66.806,4.244,39.855,36,18.4222155854803,11.7434417706139,11.5270453091309
361,2,0,1,1,1,2,"4","3",2,66.806,4.244,39.855,22,18.4222155854803,11.7434417706139,11.5270453091309
3485.08,2,0,1,3,1,1,"4","3",2,66.806,4.244,39.855,13,18.4222155854803,11.7434417706139,11.5270453091309
1338.48,1,5,2,1,2,2,"4","3",2,66.806,4.244,39.855,62,18.4222155854803,11.7434417706139,11.5270453091309
386.56,1,5,2,1,2,2,"4","3",2,66.806,4.244,39.855,62,18.4222155854803,11.7434417706139,11.5270453091309
724.19,1,0,1,3,1,1,"4","3",2,66.806,4.244,39.855,31,18.4222155854803,11.7434417706139,11.5270453091309
686.56,1,2,1,3,2,1,"4","3",2,66.806,4.244,39.855,52,18.4222155854803,11.7434417706139,11.5270453091309
355.73,2,0,1,3,1,1,"4","3",2,66.806,4.244,39.855,39,18.4222155854803,11.7434417706139,11.5270453091309
329.65,1,0,2,3,1,1,"4","3",2,66.806,4.244,39.855,21,18.4222155854803,11.7434417706139,11.5270453091309
4000,1,4,2,1,2,2,"4","3",2,66.806,4.244,39.855,72,18.4222155854803,11.7434417706139,11.5270453091309
1270.1,1,0,1,1,2,1,"4","3",2,66.806,4.244,39.855,43,18.4222155854803,11.7434417706139,11.5270453091309
148.8,1,4,2,1,2,1,"4","3",2,66.806,4.244,39.855,62,18.4222155854803,11.7434417706139,11.5270453091309
456.75,1,0,1,1,2,1,"4","3",2,66.806,4.244,39.855,19,18.4222155854803,11.7434417706139,11.5270453091309
150.39,2,0,1,1,2,1,"5","2",2,14.632,1.708,14.684,63,13.6024509919374,8.23031079913502,6.4085287910595
455.09,1,8,1,1,2,1,"5","2",2,14.632,1.708,14.684,61,13.6024509919374,8.23031079913502,6.4085287910595
6000,1,7,1,1,2,1,"5","2",2,14.632,1.708,14.684,60,13.6024509919374,8.23031079913502,6.4085287910595
1500,2,6,1,1,2,1,"5","2",2,14.632,1.708,14.684,49,13.6024509919374,8.23031079913502,6.4085287910595
988.52,2,4,1,3,1,2,"5","2",2,14.632,1.708,14.684,52,13.6024509919374,8.23031079913502,6.4085287910595
352.77,1,0,1,1,2,1,"5","2",2,23.429,1.676,16,44,12.5759209386358,7.68340368105383,6.20050917404269
2297.81,1,0,1,1,2,1,"5","2",2,23.429,1.676,16,61,12.5759209386358,7.68340368105383,6.20050917404269
229.4,2,1,1,3,1,1,"5","2",2,23.429,1.676,16,47,12.5759209386358,7.68340368105383,6.20050917404269
600.79,1,0,1,1,2,1,"5","2",2,23.429,1.676,16,44,12.5759209386358,7.68340368105383,6.20050917404269
450.525,1,7,1,3,1,2,"5","2",2,20.25,1.687,15,42,11.9632938279142,7.42476176182321,5.59471137960184
4645.91,1,7,1,3,1,1,"5","3",2,7.333,1.292,12.333,32,12.1383878467144,7.71423114484909,6.70808408385307
779.4,1,0,1,3,1,3,"5","3",2,7.333,1.292,12.333,32,12.1383878467144,7.71423114484909,6.70808408385307
5503.72,1,5,1,3,1,2,"5","3",2,4.375,1.095,10.125,57,12.5435907635981,7.85399308722424,6.57786135772105
463.1,1,3,1,3,1,2,"5","3",2,4.375,1.095,10.125,23,12.5435907635981,7.85399308722424,6.57786135772105
184.5,2,4,1,3,1,3,"5","3",2,3.553,0.438,4.032,43,15.1401459812973,9.41058370340406,8.76717339668401
3500,1,0,1,3,1,1,"5","3",2,3.553,0.438,4.032,49,15.1401459812973,9.41058370340406,8.76717339668401
1207.91,1,4,1,3,1,1,"5","3",2,3.553,0.438,4.032,60,15.1401459812973,9.41058370340406,8.76717339668401
243.79,1,2,1,3,1,4,"5","3",2,3.553,0.438,4.032,40,15.1401459812973,9.41058370340406,8.76717339668401
2215.4433,2,4,1,3,1,3,"5","3",2,3.553,0.438,4.032,43,15.1401459812973,9.41058370340406,8.76717339668401
534.8,1,0,1,1,2,1,"5","2",2,16.333,1.151,8.917,52,13.0282658620252,8.14060704285845,5.92157841964382
148.4,1,0,1,1,2,1,"5","2",2,13.778,1.456,11.222,49,12.9066943223153,7.98241634682773,6.87935580446044
149.2,1,0,1,1,2,1,"5","2",2,13.778,1.456,11.222,54,12.9066943223153,7.98241634682773,6.87935580446044
425,1,7,1,1,2,1,"5","2",2,9.1,1.36,11.2,56,12.7534307570225,7.88908440703551,6.65027904858742
337.45,1,0,1,1,2,1,"5","2",2,9.1,1.36,11.2,50,12.7534307570225,7.88908440703551,6.65027904858742
148.8,1,0,1,1,2,1,"5","2",2,9.1,1.36,11.2,44,12.7534307570225,7.88908440703551,6.65027904858742
86.8,1,0,1,1,2,1,"5","2",2,9.1,1.36,11.2,47,12.7534307570225,7.88908440703551,6.65027904858742
83.7,1,6,1,1,2,1,"5","2",2,10.667,1.191,10,44,12.7157806449867,7.8935720735049,6.04973345523196
1500,2,0,1,1,2,1,"4","2",2,16.556,1.777,16.583,10,14.2227840299963,8.98757175036705,8.58634605010455
479.8367,1,5,1,1,2,1,"4","2",2,16.556,1.777,16.583,32,14.2227840299963,8.98757175036705,8.58634605010455
565.1,1,0,1,1,2,1,"4","2",2,16.556,1.777,16.583,32,14.2227840299963,8.98757175036705,8.58634605010455
150.78,1,0,1,1,2,1,"4","2",2,16.556,1.777,16.583,42,14.2227840299963,8.98757175036705,8.58634605010455
395.23,1,0,1,1,2,1,"4","2",2,16.556,1.777,16.583,12,14.2227840299963,8.98757175036705,8.58634605010455
146.02,1,4,1,3,1,2,"5","3",2,20.087,2.137,19.275,32,14.8313928369506,9.33573878137052,8.62586820804189
233.8,2,0,1,3,1,1,"5","3",2,20.087,2.137,19.275,55,14.8313928369506,9.33573878137052,8.62586820804189
425,1,5,1,1,2,1,"5","3",2,20.087,2.137,19.275,33,14.8313928369506,9.33573878137052,8.62586820804189
746.02,1,0,1,1,2,1,"5","3",2,20.087,2.137,19.275,16,14.8313928369506,9.33573878137052,8.62586820804189
184.5,1,0,1,1,2,1,"5","3",2,20.087,2.137,19.275,14,14.8313928369506,9.33573878137052,8.62586820804189
434.42,1,0,1,1,2,1,"5","3",2,20.087,2.137,19.275,51,14.8313928369506,9.33573878137052,8.62586820804189
486,1,0,1,1,2,1,"5","3",2,20.087,2.137,19.275,24,14.8313928369506,9.33573878137052,8.62586820804189
685.55,1,0,1,3,1,1,"3","2",2,162.222,3.693,34.476,24,18.5743137069302,11.231927669547,8.75715452765661
1501.66,1,1,1,3,1,3,"3","2",2,162.222,3.693,34.476,13,18.5743137069302,11.231927669547,8.75715452765661
9822.37,1,0,1,1,1,1,"3","2",2,162.222,3.693,34.476,17,18.5743137069302,11.231927669547,8.75715452765661
146.82,1,0,1,1,1,1,"3","2",2,162.222,3.693,34.476,17,18.5743137069302,11.231927669547,8.75715452765661
547.3,1,0,1,3,1,2,"4","2",2,24.366,1.541,14.038,17,16.6347332524138,10.2239392863173,9.81274193922938
320,1,0,1,1,2,1,"4","2",2,24.366,1.541,14.038,33,16.6347332524138,10.2239392863173,9.81274193922938
656.32,1,3,1,3,2,1,"3","2",2,179.459,6.447,59.352,43,19.1096086659463,11.6623794181386,9.67652421511905
820.63,1,1,1,1,1,1,"3","2",2,179.459,6.447,59.352,32,19.1096086659463,11.6623794181386,9.67652421511905
3865.26,1,2,1,3,1,1,"3","2",2,179.459,6.447,59.352,24,19.1096086659463,11.6623794181386,9.67652421511905
3088.47,1,0,1,3,1,1,"3","2",2,179.459,6.447,59.352,13,19.1096086659463,11.6623794181386,9.67652421511905
1143.29,1,3,1,1,2,2,"4","2",2,60.527,1.99,18.69,16,17.0290975013231,10.3288206452818,9.02087334702136
838.79,1,1,2,3,1,3,"4","2",2,60.527,1.99,18.69,19,17.0290975013231,10.3288206452818,9.02087334702136
148.8,1,0,1,1,2,1,"4","2",2,60.527,1.99,18.69,53,17.0290975013231,10.3288206452818,9.02087334702136
423.15,2,0,1,3,1,1,"4","2",2,60.527,1.99,18.69,54,17.0290975013231,10.3288206452818,9.02087334702136
600,1,0,1,1,1,1,"4","2",2,60.527,1.99,18.69,25,17.0290975013231,10.3288206452818,9.02087334702136
768.18,1,0,1,1,1,2,"4","2",2,60.527,1.99,18.69,40,17.0290975013231,10.3288206452818,9.02087334702136
2970.6,1,3,1,3,1,1,"4","2",2,60.527,1.99,18.69,22,17.0290975013231,10.3288206452818,9.02087334702136
158.71,1,0,2,3,2,1,"4","2",2,60.527,1.99,18.69,23,17.0290975013231,10.3288206452818,9.02087334702136
1549.18,1,0,1,1,1,1,"4","2",2,60.527,1.99,18.69,44,17.0290975013231,10.3288206452818,9.02087334702136
1048,1,0,1,1,1,1,"4","2",2,60.527,1.99,18.69,44,17.0290975013231,10.3288206452818,9.02087334702136
371.8,1,0,1,1,2,1,"4","2",2,60.527,1.99,18.69,18,17.0290975013231,10.3288206452818,9.02087334702136
9183.5,1,0,1,1,1,1,"4","2",2,194.83,7.632,71.089,17,18.00876491964,10.7603679250787,9.45469731968959
4321.23,1,0,1,3,1,1,"4","2",2,194.83,7.632,71.089,24,18.00876491964,10.7603679250787,9.45469731968959
850,1,0,1,3,1,1,"4","2",2,194.83,7.632,71.089,40,18.00876491964,10.7603679250787,9.45469731968959
3782.87,1,0,1,1,1,1,"4","2",2,194.83,7.632,71.089,17,18.00876491964,10.7603679250787,9.45469731968959
441.89,1,3,1,1,2,1,"4","2",2,194.83,7.632,71.089,42,18.00876491964,10.7603679250787,9.45469731968959
378.41,1,1,1,1,2,1,"4","2",2,194.83,7.632,71.089,45,18.00876491964,10.7603679250787,9.45469731968959
6124.34,1,3,1,3,1,1,"4","2",2,194.83,7.632,71.089,1,18.00876491964,10.7603679250787,9.45469731968959
3516.49,1,0,1,3,1,3,"4","2",2,194.83,7.632,71.089,25,18.00876491964,10.7603679250787,9.45469731968959
4888.23,2,2,1,3,1,2,"4","2",2,194.83,7.632,71.089,25,18.00876491964,10.7603679250787,9.45469731968959
3943.28,1,0,1,1,1,1,"4","2",2,194.83,7.632,71.089,40,18.00876491964,10.7603679250787,9.45469731968959
4087.96,1,0,1,1,1,1,"4","2",2,194.83,7.632,71.089,40,18.00876491964,10.7603679250787,9.45469731968959
114.7,1,0,1,1,1,1,"4","2",2,85.87,1.891,17.691,16,18.9559881073449,11.3400115175253,10.0532859176245
673.6,1,0,1,1,1,2,"4","2",2,85.87,1.891,17.691,10,18.9559881073449,11.3400115175253,10.0532859176245
798.56,1,0,1,1,1,1,"4","2",2,85.87,1.891,17.691,18,18.9559881073449,11.3400115175253,10.0532859176245
278.13,1,0,1,1,1,1,"4","2",2,85.87,1.891,17.691,13,18.9559881073449,11.3400115175253,10.0532859176245
529.53,1,0,1,1,1,1,"4","2",2,15.127,0.606,5.412,18,17.2529773789754,10.0864339140989,8.60116662519242
344.72,1,0,1,1,1,1,"4","2",2,15.127,0.606,5.412,18,17.2529773789754,10.0864339140989,8.60116662519242
700,1,2,1,3,2,2,"2","2",2,626.461,11.029,103.858,48,18.7904678890173,11.3796340435503,9.18358563466736
512.56,2,0,2,3,1,1,"2","2",2,626.461,11.029,103.858,40,18.7904678890173,11.3796340435503,9.18358563466736
1042.57,1,2,2,3,1,1,"3","2",2,325.76,6.782,63.337,48,15.9163523471241,10.2949551510004,8.88253050843362
277.73,2,1,1,3,1,1,"3","2",2,325.76,6.782,63.337,40,15.9163523471241,10.2949551510004,8.88253050843362
254.2,2,1,1,3,1,1,"3","2",2,325.76,6.782,63.337,40,15.9163523471241,10.2949551510004,8.88253050843362
565.87,1,1,1,1,1,1,"3","2",2,115.107,2.951,28.19,43,17.5577350963545,10.7473151126766,8.86375719160424
556.41,1,0,1,3,1,1,"3","2",2,482.788,7.34,70.238,33,20.5690558045245,12.149798546451,9.47730940283042
1500,2,0,1,3,1,2,"3","2",2,482.788,7.34,70.238,34,20.5690558045245,12.149798546451,9.47730940283042
3000,1,4,1,3,1,1,"3","2",2,482.788,7.34,70.238,46,20.5690558045245,12.149798546451,9.47730940283042
5000,1,4,1,3,1,1,"3","2",2,482.788,7.34,70.238,46,20.5690558045245,12.149798546451,9.47730940283042
338.395,1,5,1,2,1,4,"3","2",2,482.788,7.34,70.238,23,20.5690558045245,12.149798546451,9.47730940283042
3264.62,1,4,1,3,1,4,"3","2",2,482.788,7.34,70.238,57,20.5690558045245,12.149798546451,9.47730940283042
1819.47,1,4,1,3,1,1,"3","2",2,482.788,7.34,70.238,42,20.5690558045245,12.149798546451,9.47730940283042
2000,2,2,1,3,1,3,"3","2",2,482.788,7.34,70.238,49,20.5690558045245,12.149798546451,9.47730940283042
432.27,1,0,1,1,2,1,"3","2",2,482.788,7.34,70.238,26,20.5690558045245,12.149798546451,9.47730940283042
250,1,1,1,1,1,1,"3","2",2,482.788,7.34,70.238,42,20.5690558045245,12.149798546451,9.47730940283042
1127.39,1,1,1,1,1,1,"3","2",2,482.788,7.34,70.238,42,20.5690558045245,12.149798546451,9.47730940283042
943.07,2,1,1,3,1,1,"3","2",2,482.788,7.34,70.238,23,20.5690558045245,12.149798546451,9.47730940283042
3006.67,1,0,1,3,1,1,"3","2",2,482.788,7.34,70.238,18,20.5690558045245,12.149798546451,9.47730940283042
394.85,1,0,1,1,2,1,"3","2",2,482.788,7.34,70.238,58,20.5690558045245,12.149798546451,9.47730940283042
390,2,0,1,1,2,1,"3","2",2,482.788,7.34,70.238,27,20.5690558045245,12.149798546451,9.47730940283042
4143.55,1,3,1,3,1,1,"3","2",2,482.788,7.34,70.238,35,20.5690558045245,12.149798546451,9.47730940283042
1394.3,1,0,1,3,1,1,"3","2",2,192.351,6.677,62.802,33,19.0871819425877,11.8681563667818,11.6697326132587
2089.4,1,0,1,3,1,1,"3","2",2,192.351,6.677,62.802,4,19.0871819425877,11.8681563667818,11.6697326132587
1331.7,1,1,1,3,1,1,"3","2",2,192.351,6.677,62.802,12,19.0871819425877,11.8681563667818,11.6697326132587
2128.78,1,0,1,1,1,1,"3","2",2,192.351,6.677,62.802,13,19.0871819425877,11.8681563667818,11.6697326132587
680.71,1,0,1,1,1,2,"2","1",2,150.094,4.803,44.831,13,18.9752874645736,11.6579604369782,11.3031299311755
627.94,1,0,1,1,2,1,"3","2",2,85.468,3.439,32.734,25,19.2461162260692,11.416326454981,11.1355958165349
392.72,1,0,1,1,1,1,"3","2",2,85.468,3.439,32.734,42,19.2461162260692,11.416326454981,11.1355958165349
7926.83,1,0,1,3,1,1,"3","2",2,85.468,3.439,32.734,25,19.2461162260692,11.416326454981,11.1355958165349
144.1833,1,1,1,1,1,2,"3","2",2,85.468,3.439,32.734,18,19.2461162260692,11.416326454981,11.1355958165349
850,1,0,1,1,1,1,"3","2",2,85.468,3.439,32.734,13,19.2461162260692,11.416326454981,11.1355958165349
2776.89,2,2,1,2,1,1,"3","2",2,85.468,3.439,32.734,27,19.2461162260692,11.416326454981,11.1355958165349
2353.4,1,0,1,3,1,3,"3","2",2,85.468,3.439,32.734,42,19.2461162260692,11.416326454981,11.1355958165349
3892.46,2,2,1,3,1,1,"3","2",2,85.468,3.439,32.734,28,19.2461162260692,11.416326454981,11.1355958165349
5588.7,1,1,1,1,2,1,"3","2",2,85.468,3.439,32.734,19,19.2461162260692,11.416326454981,11.1355958165349
296.86,1,0,1,1,2,2,"3","2",2,85.468,3.439,32.734,18,19.2461162260692,11.416326454981,11.1355958165349
593,1,3,1,1,1,1,"3","2",2,85.468,3.439,32.734,21,19.2461162260692,11.416326454981,11.1355958165349
311.36,1,0,1,3,2,1,"3","2",2,85.468,3.439,32.734,8,19.2461162260692,11.416326454981,11.1355958165349
1093.65,1,1,1,1,1,1,"3","2",2,85.468,3.439,32.734,20,19.2461162260692,11.416326454981,11.1355958165349
500,1,0,1,3,1,1,"3","2",2,85.468,3.439,32.734,32,19.2461162260692,11.416326454981,11.1355958165349
797.23,1,0,1,1,2,1,"3","2",2,85.468,3.439,32.734,20,19.2461162260692,11.416326454981,11.1355958165349
265.44,2,2,1,3,1,2,"3","2",2,85.468,3.439,32.734,46,19.2461162260692,11.416326454981,11.1355958165349
1291.33,1,0,1,3,1,1,"3","2",2,85.468,3.439,32.734,13,19.2461162260692,11.416326454981,11.1355958165349
358.43,1,0,1,1,2,1,"3","2",2,85.468,3.439,32.734,13,19.2461162260692,11.416326454981,11.1355958165349
235.6,1,2,1,3,1,2,"3","2",2,85.468,3.439,32.734,28,19.2461162260692,11.416326454981,11.1355958165349
1509.77,1,0,1,1,1,1,"3","2",2,85.468,3.439,32.734,17,19.2461162260692,11.416326454981,11.1355958165349
617,1,0,1,1,1,1,"3","2",2,85.468,3.439,32.734,14,19.2461162260692,11.416326454981,11.1355958165349
1685.95,1,0,1,3,1,1,"3","2",2,170.823,5.219,48.282,22,19.0034946038182,12.0454108140873,11.3983672240695
3345.15,1,0,1,1,2,1,"3","2",2,170.823,5.219,48.282,43,19.0034946038182,12.0454108140873,11.3983672240695
1780.29,1,0,1,1,2,1,"3","2",2,170.823,5.219,48.282,43,19.0034946038182,12.0454108140873,11.3983672240695
9448.23,1,2,2,3,1,1,"3","2",2,170.823,5.219,48.282,19,19.0034946038182,12.0454108140873,11.3983672240695
3387.75,2,2,1,3,2,1,"3","2",2,170.823,5.219,48.282,32,19.0034946038182,12.0454108140873,11.3983672240695
8446.93,2,3,2,3,1,1,"3","2",2,170.823,5.219,48.282,20,19.0034946038182,12.0454108140873,11.3983672240695
244.9,2,3,2,3,1,1,"3","2",2,170.823,5.219,48.282,20,19.0034946038182,12.0454108140873,11.3983672240695
1054.38,1,0,1,1,1,1,"3","2",2,170.823,5.219,48.282,38,19.0034946038182,12.0454108140873,11.3983672240695
3638.26,1,0,1,1,1,1,"3","2",2,170.823,5.219,48.282,38,19.0034946038182,12.0454108140873,11.3983672240695
755.22,1,0,1,1,1,1,"3","2",2,170.823,5.219,48.282,17,19.0034946038182,12.0454108140873,11.3983672240695
685.6,2,0,1,1,1,1,"3","2",2,170.823,5.219,48.282,17,19.0034946038182,12.0454108140873,11.3983672240695
4742.63,2,0,1,3,1,1,"3","2",2,170.823,5.219,48.282,37,19.0034946038182,12.0454108140873,11.3983672240695
1723.2,1,0,1,1,1,2,"4","2",2,108.289,2.468,22.413,33,18.8034813210218,11.2813968571216,9.88313177227905
1092.82,1,0,1,1,2,1,"4","2",2,108.289,2.468,22.413,15,18.8034813210218,11.2813968571216,9.88313177227905
263.59,1,0,1,1,1,1,"4","2",2,108.289,2.468,22.413,20,18.8034813210218,11.2813968571216,9.88313177227905
362.4,1,1,1,1,1,1,"4","2",2,108.289,2.468,22.413,37,18.8034813210218,11.2813968571216,9.88313177227905
3942.06,2,1,1,3,1,1,"3","2",2,251.693,6.031,56.347,36,18.5872009391989,11.2454772993493,10.6528969121042
1405.47,2,1,1,3,1,1,"3","2",2,251.693,6.031,56.347,36,18.5872009391989,11.2454772993493,10.6528969121042
1666.6667,1,0,1,1,1,1,"3","2",2,251.693,6.031,56.347,15,18.5872009391989,11.2454772993493,10.6528969121042
3099.17,1,0,1,1,1,3,"3","2",2,251.693,6.031,56.347,16,18.5872009391989,11.2454772993493,10.6528969121042
292.26,1,2,1,1,1,3,"3","2",2,251.693,6.031,56.347,40,18.5872009391989,11.2454772993493,10.6528969121042
133.3,1,0,1,1,2,1,"3","2",2,251.693,6.031,56.347,17,18.5872009391989,11.2454772993493,10.6528969121042
782.62,1,3,1,1,2,2,"3","2",2,112.292,4.999,46.883,31,18.4775372683394,11.2738176603681,11.0303309015451
1162.68,1,0,1,1,1,1,"3","2",2,112.292,4.999,46.883,32,18.4775372683394,11.2738176603681,11.0303309015451
717.16,2,0,1,3,1,1,"3","2",2,112.292,4.999,46.883,31,18.4775372683394,11.2738176603681,11.0303309015451
248.8,1,0,1,1,1,1,"3","2",2,112.292,4.999,46.883,13,18.4775372683394,11.2738176603681,11.0303309015451
328.41,1,0,1,1,1,1,"3","2",2,112.292,4.999,46.883,13,18.4775372683394,11.2738176603681,11.0303309015451
2472.19,1,2,1,1,1,1,"3","2",2,112.292,4.999,46.883,22,18.4775372683394,11.2738176603681,11.0303309015451
6018.35,1,2,1,1,1,1,"3","2",2,112.292,4.999,46.883,22,18.4775372683394,11.2738176603681,11.0303309015451
699.02,1,0,1,1,1,1,"3","2",2,112.292,4.999,46.883,27,18.4775372683394,11.2738176603681,11.0303309015451
5473.97,1,0,1,3,1,1,"3","2",2,112.292,4.999,46.883,18,18.4775372683394,11.2738176603681,11.0303309015451
348.8,1,0,1,3,2,1,"3","2",2,112.292,4.999,46.883,34,18.4775372683394,11.2738176603681,11.0303309015451
148.8,1,0,1,3,1,1,"3","2",2,112.292,4.999,46.883,34,18.4775372683394,11.2738176603681,11.0303309015451
150,1,0,1,3,1,1,"3","2",2,112.292,4.999,46.883,44,18.4775372683394,11.2738176603681,11.0303309015451
289.45,1,2,2,1,2,1,"3","2",2,112.292,4.999,46.883,17,18.4775372683394,11.2738176603681,11.0303309015451
883.61,1,0,1,1,1,1,"3","2",2,112.292,4.999,46.883,16,18.4775372683394,11.2738176603681,11.0303309015451
554.53,1,0,1,1,1,1,"3","2",2,112.292,4.999,46.883,13,18.4775372683394,11.2738176603681,11.0303309015451
1488.12,1,0,1,1,1,1,"3","2",2,112.292,4.999,46.883,28,18.4775372683394,11.2738176603681,11.0303309015451
2003.32,1,0,1,1,1,1,"4","2",2,130.713,4.153,38.181,15,18.0780681317522,11.0015663655981,10.0370564444575
967.24,2,1,1,3,1,1,"4","2",2,130.713,4.153,38.181,18,18.0780681317522,11.0015663655981,10.0370564444575
119.35,1,0,1,1,1,3,"4","2",2,130.713,4.153,38.181,6,18.0780681317522,11.0015663655981,10.0370564444575
550,1,1,1,1,1,1,"4","2",2,130.713,4.153,38.181,41,18.0780681317522,11.0015663655981,10.0370564444575
9767.53,1,4,1,2,1,1,"3","2",2,383.67,5.238,49.159,22,19.8244602991933,11.6679614670698,9.4054136126953
7688.36,1,4,1,2,1,1,"3","2",2,383.67,5.238,49.159,22,19.8244602991933,11.6679614670698,9.4054136126953
571.16,1,0,1,1,1,1,"3","2",2,383.67,5.238,49.159,40,19.8244602991933,11.6679614670698,9.4054136126953
1669.05,1,2,1,1,1,1,"4","3",2,82.69,1.537,14.423,45,19.0884086806143,11.3752712996714,10.680998859207
1503.8,1,0,1,1,2,1,"4","3",2,82.69,1.537,14.423,36,19.0884086806143,11.3752712996714,10.680998859207
2798.59,1,0,1,3,1,1,"4","3",2,82.69,1.537,14.423,41,19.0884086806143,11.3752712996714,10.680998859207
831.45,1,1,2,1,1,1,"4","3",2,82.69,1.537,14.423,33,19.0884086806143,11.3752712996714,10.680998859207
1437.21,1,0,1,3,1,3,"4","3",2,82.69,1.537,14.423,36,19.0884086806143,11.3752712996714,10.680998859207
3149.13,1,3,1,3,1,1,"4","3",2,82.69,1.537,14.423,42,19.0884086806143,11.3752712996714,10.680998859207
907.73,1,0,1,1,1,1,"4","3",2,82.69,1.537,14.423,15,19.0884086806143,11.3752712996714,10.680998859207
466.22,1,0,1,1,2,1,"4","3",2,82.69,1.537,14.423,20,19.0884086806143,11.3752712996714,10.680998859207
542.4,1,0,1,1,2,1,"4","3",2,82.69,1.537,14.423,22,19.0884086806143,11.3752712996714,10.680998859207
80.65,1,0,1,1,2,1,"4","3",2,82.69,1.537,14.423,17,19.0884086806143,11.3752712996714,10.680998859207
429.4,1,0,1,1,2,1,"4","3",2,82.69,1.537,14.423,48,19.0884086806143,11.3752712996714,10.680998859207
387.1,2,1,1,3,1,2,"2","2",2,351.537,9.446,88.597,32,18.4039734206563,10.8655543870469,9.67790352568256
1011.13,1,2,1,3,1,1,"2","2",2,351.537,9.446,88.597,26,18.4039734206563,10.8655543870469,9.67790352568256
2416.71,2,1,2,3,1,1,"2","2",2,351.537,9.446,88.597,23,18.4039734206563,10.8655543870469,9.67790352568256
2606.52,2,3,1,3,1,1,"2","2",2,351.537,9.446,88.597,40,18.4039734206563,10.8655543870469,9.67790352568256
232.07,1,2,1,1,1,1,"2","2",2,301.218,13.059,126.243,19,18.0276464521046,10.9906512218105,10.5415975971662
1749.07,1,2,1,1,1,1,"2","2",2,301.218,13.059,126.243,28,18.0276464521046,10.9906512218105,10.5415975971662
889.3,1,2,1,3,1,1,"2","2",2,301.218,13.059,126.243,7,18.0276464521046,10.9906512218105,10.5415975971662
5881.79,2,1,1,3,1,1,"2","2",2,301.218,13.059,126.243,5,18.0276464521046,10.9906512218105,10.5415975971662
856.4,1,2,1,1,2,1,"2","2",2,301.218,13.059,126.243,18,18.0276464521046,10.9906512218105,10.5415975971662
700,1,2,1,1,2,1,"2","2",2,301.218,13.059,126.243,18,18.0276464521046,10.9906512218105,10.5415975971662
466.71,1,0,1,3,1,1,"2","2",2,301.218,13.059,126.243,17,18.0276464521046,10.9906512218105,10.5415975971662
600,1,0,1,3,1,1,"2","2",2,301.218,13.059,126.243,14,18.0276464521046,10.9906512218105,10.5415975971662
161.2,1,2,1,3,1,1,"2","2",2,301.218,13.059,126.243,7,18.0276464521046,10.9906512218105,10.5415975971662
386.9,1,1,2,1,1,1,"2","2",2,301.218,13.059,126.243,24,18.0276464521046,10.9906512218105,10.5415975971662
341.845,1,2,1,3,1,4,"2","2",2,301.218,13.059,126.243,40,18.0276464521046,10.9906512218105,10.5415975971662
585.63,1,0,1,1,1,1,"2","2",2,301.218,13.059,126.243,54,18.0276464521046,10.9906512218105,10.5415975971662
272.37,2,2,1,3,1,1,"2","2",2,301.218,13.059,126.243,14,18.0276464521046,10.9906512218105,10.5415975971662
299.68,1,0,1,1,2,1,"2","2",2,277.655,9.392,88.316,31,18.1259535125459,10.6787675626346,9.14302466469132
1193.65,1,2,1,1,1,1,"3","2",2,199.767,6.128,58.311,14,18.8319108624086,11.3475672142947,10.7152396531352
850,1,2,1,1,2,2,"3","2",2,199.767,6.128,58.311,4,18.8319108624086,11.3475672142947,10.7152396531352
420,1,4,1,1,2,1,"3","2",2,199.767,6.128,58.311,17,18.8319108624086,11.3475672142947,10.7152396531352
3857.24,1,0,1,1,1,1,"3","2",2,199.767,6.128,58.311,18,18.8319108624086,11.3475672142947,10.7152396531352
837.9,1,0,1,1,2,1,"3","2",2,199.767,6.128,58.311,12,18.8319108624086,11.3475672142947,10.7152396531352
104.23,2,0,1,1,2,1,"3","2",2,343.768,8.204,79.234,14,19.6313017012554,11.4766244852439,10.1547130879773
425,1,0,1,1,2,1,"3","2",2,343.768,8.204,79.234,14,19.6313017012554,11.4766244852439,10.1547130879773
951.54,2,0,1,3,1,1,"3","2",2,343.768,8.204,79.234,31,19.6313017012554,11.4766244852439,10.1547130879773
986.68,1,1,1,3,1,1,"3","2",2,343.768,8.204,79.234,8,19.6313017012554,11.4766244852439,10.1547130879773
1000,1,1,1,1,1,3,"3","2",2,343.768,8.204,79.234,22,19.6313017012554,11.4766244852439,10.1547130879773
5000,1,1,1,1,1,1,"3","2",2,343.768,8.204,79.234,23,19.6313017012554,11.4766244852439,10.1547130879773
850,1,1,1,1,1,4,"3","2",2,343.768,8.204,79.234,15,19.6313017012554,11.4766244852439,10.1547130879773
354.82,1,0,1,1,1,1,"3","2",2,343.768,8.204,79.234,19,19.6313017012554,11.4766244852439,10.1547130879773
314.63,1,0,1,1,1,2,"3","2",2,343.768,8.204,79.234,42,19.6313017012554,11.4766244852439,10.1547130879773
610.15,1,0,1,1,1,1,"3","2",2,343.768,8.204,79.234,16,19.6313017012554,11.4766244852439,10.1547130879773
691.8,1,0,1,1,1,1,"3","2",2,343.768,8.204,79.234,16,19.6313017012554,11.4766244852439,10.1547130879773
450,1,1,2,1,1,1,"2","2",2,337.719,11.083,104.729,29,18.4485592420694,10.9716406337195,10.216325544869
255.42,1,1,1,3,1,1,"3","2",2,225.23,6.865,64.672,33,18.9052529344809,11.1808037510863,8.00636756765025
420,1,0,1,1,2,1,"3","3",2,103.755,7.413,69.587,22,16.2985362732369,10.1531172290862,9.43260353586309
250.4,2,0,1,1,2,1,"3","3",2,268.357,9.737,90.173,29,15.8686060709143,9.62661352880094,5.63121178182137
425,1,0,1,1,2,1,"3","3",2,268.357,9.737,90.173,29,15.8686060709143,9.62661352880094,5.63121178182137
147.25,2,6,1,1,2,1,"3","3",2,170.466,9.366,84.243,26,15.2311003371286,9.39590665893503,7.42177579364465
3000,1,1,1,3,1,2,"3","3",2,170.466,9.366,84.243,49,15.2311003371286,9.39590665893503,7.42177579364465
415.26,1,0,1,1,1,1,"3","3",2,170.466,9.366,84.243,38,15.2311003371286,9.39590665893503,7.42177579364465
349.95,1,0,2,3,1,1,"3","3",2,170.466,9.366,84.243,30,15.2311003371286,9.39590665893503,7.42177579364465
849.52,1,0,1,1,1,2,"3","2",2,162.22,8.193,75.079,10,16.3842959331085,10.0451607108523,9.42003387556599
169.2,1,0,1,1,2,1,"3","2",2,162.22,8.193,75.079,45,16.3842959331085,10.0451607108523,9.42003387556599
351.43,1,0,1,1,2,1,"3","2",2,162.22,8.193,75.079,40,16.3842959331085,10.0451607108523,9.42003387556599
660.79,1,0,1,1,1,1,"3","2",2,162.22,8.193,75.079,33,16.3842959331085,10.0451607108523,9.42003387556599
363.39,1,0,1,1,2,1,"4","3",2,133.36,3.799,35.707,43,19.8795969445491,12.0758500584802,11.4571801698546
1136.83,1,0,1,1,1,1,"4","3",2,133.36,3.799,35.707,16,19.8795969445491,12.0758500584802,11.4571801698546
374.61,1,0,1,3,1,1,"4","3",2,133.36,3.799,35.707,42,19.8795969445491,12.0758500584802,11.4571801698546
1461.78,2,2,1,1,2,1,"4","3",2,133.36,3.799,35.707,44,19.8795969445491,12.0758500584802,11.4571801698546
2669.35,2,2,1,3,1,1,"3","2",2,227.827,4.689,44.272,36,20.4437563114055,12.3381617485549,10.8031813135029
850,2,0,1,3,1,1,"3","2",2,227.827,4.689,44.272,47,20.4437563114055,12.3381617485549,10.8031813135029
392.85,1,0,1,1,1,1,"3","2",2,227.827,4.689,44.272,32,20.4437563114055,12.3381617485549,10.8031813135029
1014.4,1,0,1,1,1,1,"3","2",2,546.269,10.637,98.633,18,18.9128983922215,11.1549353708863,10.1589433933176
801.49,1,1,2,3,1,1,"3","2",2,546.269,10.637,98.633,62,18.9128983922215,11.1549353708863,10.1589433933176
1147.17,1,0,1,1,1,1,"2","2",2,386.614,10.229,97.798,67,18.0001513267667,10.6204977333606,7.85166117788927
8226.94,1,2,1,3,1,1,"2","2",2,419.293,10.688,100.727,43,17.3443372156436,10.4151428320426,8.9572529442889
404.91,1,2,1,3,2,2,"2","2",2,419.293,10.688,100.727,42,17.3443372156436,10.4151428320426,8.9572529442889
3087.18,1,1,1,1,1,1,"2","2",2,419.293,10.688,100.727,45,17.3443372156436,10.4151428320426,8.9572529442889
8341.19,2,1,2,3,1,1,"2","2",2,419.293,10.688,100.727,22,17.3443372156436,10.4151428320426,8.9572529442889
1709.56,1,0,1,3,1,1,"2","2",2,419.293,10.688,100.727,32,17.3443372156436,10.4151428320426,8.9572529442889
2071.59,2,0,1,3,1,1,"2","2",2,419.293,10.688,100.727,26,17.3443372156436,10.4151428320426,8.9572529442889
4181.91,1,0,1,3,1,2,"2","2",2,419.293,10.688,100.727,35,17.3443372156436,10.4151428320426,8.9572529442889
1295.38,2,2,1,3,1,1,"2","2",2,419.293,10.688,100.727,43,17.3443372156436,10.4151428320426,8.9572529442889
1827.55,1,1,1,3,1,1,"3","2",2,211.515,4.715,43.335,6,18.2141046168135,10.7025251083535,9.39665395003967
1469.93,1,2,1,2,1,1,"3","2",2,183.553,5.965,55.587,4,18.1552262777259,10.7943579070634,10.0242882526818
1500,2,4,1,2,1,1,"3","2",2,183.553,5.965,55.587,22,18.1552262777259,10.7943579070634,10.0242882526818
493.6,1,2,1,3,1,1,"3","2",2,183.553,5.965,55.587,21,18.1552262777259,10.7943579070634,10.0242882526818
3083.68,1,3,1,3,2,1,"3","2",2,183.553,5.965,55.587,30,18.1552262777259,10.7943579070634,10.0242882526818
2204.7,1,0,1,1,1,1,"3","2",2,183.553,5.965,55.587,24,18.1552262777259,10.7943579070634,10.0242882526818
5184.21,1,2,1,3,1,1,"3","2",2,183.553,5.965,55.587,21,18.1552262777259,10.7943579070634,10.0242882526818
193.28,1,0,1,1,1,1,"3","2",2,152.444,4.53,42.047,24,18.7652519168992,11.0724185001132,9.84426819287616
230.85,1,0,1,3,1,1,"3","2",2,152.444,4.53,42.047,24,18.7652519168992,11.0724185001132,9.84426819287616
313.06,1,3,1,3,1,1,"3","2",2,152.444,4.53,42.047,24,18.7652519168992,11.0724185001132,9.84426819287616
300,1,5,1,3,2,1,"5","3",2,22.857,2.104,18.381,62,13.5534728401746,9.15883652910907,8.84850930088808
884.13,1,4,1,3,1,4,"5","3",2,43.058,1.843,16.667,26,14.8821511557149,9.14366623870819,8.00302866638473
2000,1,1,1,3,1,1,"3","2",2,91.957,4.043,36.97,32,16.866012227259,10.0944384360281,8.27969713387763
8806.26,1,3,1,3,1,1,"3","2",2,266.869,8.244,77.787,14,19.2612788050086,12.1763245253691,11.1281743334592
200.88,2,1,1,3,1,2,"3","2",2,266.869,8.244,77.787,20,19.2612788050086,12.1763245253691,11.1281743334592
2000,1,3,1,3,1,1,"3","2",2,266.869,8.244,77.787,42,19.2612788050086,12.1763245253691,11.1281743334592
550.88,1,2,1,1,1,1,"3","2",2,266.869,8.244,77.787,16,19.2612788050086,12.1763245253691,11.1281743334592
307.5,1,2,1,1,1,1,"2","1",2,190.506,9.052,84.01,52,17.7255727221992,11.2022340291356,10.8912427656186
468.01,1,0,1,1,2,1,"2","1",2,376.592,8.01,74.529,36,18.5259597602892,11.5638847035674,10.1998815655899
1480.69,1,2,2,3,1,2,"2","1",2,376.592,8.01,74.529,22,18.5259597602892,11.5638847035674,10.1998815655899
100,1,3,1,3,1,1,"2","2",2,307.228,9.048,85.596,37,19.4142686160306,11.7470801704042,11.0771145450097
120,1,5,1,2,1,1,"2","1",2,246.026,6.597,61.153,45,19.5869685158436,12.2602861718868,12.0386357603355
2500,1,3,1,3,1,1,"2","1",2,246.026,6.597,61.153,33,19.5869685158436,12.2602861718868,12.0386357603355
1335.81,1,0,1,3,1,1,"2","1",2,433.478,9.907,94.003,5,18.85097571702,11.3044980974917,9.86427883931085
550,1,0,2,1,1,1,"2","1",2,433.478,9.907,94.003,62,18.85097571702,11.3044980974917,9.86427883931085
8318.05,1,0,1,1,1,1,"2","1",2,243.14,8.344,76.152,20,18.8128438987238,11.4960335973,11.0301040376138
232.5,1,2,1,3,1,1,"2","1",2,243.14,8.344,76.152,27,18.8128438987238,11.4960335973,11.0301040376138
3709.95,1,4,1,3,1,1,"2","1",2,379.76,9.839,93.17,36,18.5589049393831,10.9804334782312,8.81537000096066
1399.93,1,1,1,3,1,1,"2","1",2,379.76,9.839,93.17,23,18.5589049393831,10.9804334782312,8.81537000096066
228.12,1,3,1,3,1,1,"2","1",2,379.76,9.839,93.17,28,18.5589049393831,10.9804334782312,8.81537000096066
715,1,0,1,3,1,1,"2","1",2,463.266,8.79,83.271,14,18.6450087535189,11.3306359076643,10.2460483589979
1028.35,1,0,1,1,1,1,"2","1",2,463.266,8.79,83.271,17,18.6450087535189,11.3306359076643,10.2460483589979
1540.87,2,0,1,3,1,1,"2","1",2,463.266,8.79,83.271,18,18.6450087535189,11.3306359076643,10.2460483589979
188.19,1,0,1,3,1,1,"2","1",2,463.266,8.79,83.271,18,18.6450087535189,11.3306359076643,10.2460483589979
200,1,0,1,1,1,1,"2","1",2,463.266,8.79,83.271,18,18.6450087535189,11.3306359076643,10.2460483589979
854.98,1,0,1,1,1,1,"2","1",2,463.266,8.79,83.271,16,18.6450087535189,11.3306359076643,10.2460483589979
443.28,1,1,1,1,1,1,"1","1",2,1029.752,15.977,154.77,13,19.8205306150939,11.827436889947,11.0894542149193
1000,1,2,1,3,1,1,"3","2",2,81.278,3.567,33.392,44,17.5302649498369,10.4415586251923,9.41009246383302
1447.87,2,1,1,3,1,1,"3","2",2,81.278,3.567,33.392,16,17.5302649498369,10.4415586251923,9.41009246383302
3942.29,1,3,1,3,1,1,"3","2",2,81.278,3.567,33.392,35,17.5302649498369,10.4415586251923,9.41009246383302
414.97,1,2,1,3,1,3,"3","2",2,81.278,3.567,33.392,19,17.5302649498369,10.4415586251923,9.41009246383302
1016.26,1,2,1,1,1,1,"3","2",2,81.278,3.567,33.392,13,17.5302649498369,10.4415586251923,9.41009246383302
2435.74,2,2,1,3,1,1,"3","2",2,81.278,3.567,33.392,35,17.5302649498369,10.4415586251923,9.41009246383302
661.2,1,0,1,1,1,1,"3","2",2,81.278,3.567,33.392,17,17.5302649498369,10.4415586251923,9.41009246383302
750,1,2,1,3,1,1,"3","3",2,418.144,7.262,67.255,29,19.5209503518413,12.0140946147029,11.207432380639
1264.65,1,0,1,3,1,1,"3","3",2,418.144,7.262,67.255,7,19.5209503518413,12.0140946147029,11.207432380639
1707.94,1,2,2,1,1,1,"3","3",2,418.144,7.262,67.255,72,19.5209503518413,12.0140946147029,11.207432380639
410.65,1,0,1,3,1,1,"3","3",2,418.144,7.262,67.255,7,19.5209503518413,12.0140946147029,11.207432380639
10000,2,2,2,3,1,1,"3","3",2,418.144,7.262,67.255,19,19.5209503518413,12.0140946147029,11.207432380639
332.94,1,1,1,3,1,3,"3","3",2,418.144,7.262,67.255,33,19.5209503518413,12.0140946147029,11.207432380639
349.27,1,2,1,3,1,3,"3","3",2,418.144,7.262,67.255,32,19.5209503518413,12.0140946147029,11.207432380639
1629.26,1,0,1,3,1,1,"3","3",2,418.144,7.262,67.255,60,19.5209503518413,12.0140946147029,11.207432380639
638.15,1,2,1,3,1,1,"3","3",2,418.144,7.262,67.255,40,19.5209503518413,12.0140946147029,11.207432380639
886.59,1,1,1,3,1,1,"3","3",2,418.144,7.262,67.255,29,19.5209503518413,12.0140946147029,11.207432380639
2290.62,1,0,1,3,1,1,"3","3",2,418.144,7.262,67.255,22,19.5209503518413,12.0140946147029,11.207432380639
697.5,1,2,1,3,1,1,"3","3",2,418.144,7.262,67.255,46,19.5209503518413,12.0140946147029,11.207432380639
409.53,1,2,1,3,1,1,"3","3",2,418.144,7.262,67.255,24,19.5209503518413,12.0140946147029,11.207432380639
1836.03,1,3,1,1,1,3,"3","3",2,418.144,7.262,67.255,19,19.5209503518413,12.0140946147029,11.207432380639
945.81,1,3,1,1,1,3,"3","3",2,418.144,7.262,67.255,19,19.5209503518413,12.0140946147029,11.207432380639
809.81,1,0,1,3,1,2,"3","3",2,418.144,7.262,67.255,6,19.5209503518413,12.0140946147029,11.207432380639
2195.32,1,0,1,3,1,1,"3","3",2,418.144,7.262,67.255,7,19.5209503518413,12.0140946147029,11.207432380639
2022.63,1,0,1,3,1,1,"3","3",2,418.144,7.262,67.255,38,19.5209503518413,12.0140946147029,11.207432380639
2018.61,1,4,1,3,1,4,"3","3",2,418.144,7.262,67.255,18,19.5209503518413,12.0140946147029,11.207432380639
500,1,0,1,3,1,1,"3","3",2,418.144,7.262,67.255,19,19.5209503518413,12.0140946147029,11.207432380639
1182.5,1,0,1,1,2,1,"3","3",2,418.144,7.262,67.255,12,19.5209503518413,12.0140946147029,11.207432380639
1979.27,1,6,1,3,1,1,"4","3",2,28.89,1.425,13.659,34,15.1270886465687,9.49077121771377,8.20056279700856
1121.53,1,0,1,3,1,1,"4","3",2,17.476,1.18,11,31,13.595581833552,8.86827250899781,8.3986348552921
1388.8,2,0,1,3,1,1,"4","3",2,17.476,1.18,11,31,13.595581833552,8.86827250899781,8.3986348552921
1370.98,1,0,1,3,1,1,"4","3",2,17.476,1.18,11,34,13.595581833552,8.86827250899781,8.3986348552921
1254.38,2,0,1,3,1,1,"4","3",2,17.476,1.18,11,34,13.595581833552,8.86827250899781,8.3986348552921
4455.03,1,3,2,3,1,1,"4","3",2,17.476,1.18,11,62,13.595581833552,8.86827250899781,8.3986348552921
1024.08,1,4,1,3,1,3,"4","3",2,17.476,1.18,11,24,13.595581833552,8.86827250899781,8.3986348552921
4389.41,1,3,1,3,1,1,"4","3",2,17.476,1.18,11,52,13.595581833552,8.86827250899781,8.3986348552921
132.06,1,3,1,3,1,1,"3","3",2,132.604,9.782,87.559,16,15.8869917499644,10.1539349383777,9.4407375520017
225.77,1,0,1,3,1,1,"3","2",2,203.902,9.012,83.994,15,18.8056977268754,11.7782545607478,11.4592398375504
258.1,1,1,1,3,1,1,"3","2",2,203.902,9.012,83.994,15,18.8056977268754,11.7782545607478,11.4592398375504
215.81,1,2,1,3,1,2,"2","1",2,348.035,6.622,62.155,21,18.9053706253169,11.3609856726624,10.0453776635357
138.38,1,0,1,1,1,2,"2","1",2,348.035,6.622,62.155,17,18.9053706253169,11.3609856726624,10.0453776635357
687.9,1,0,1,1,1,2,"2","1",2,348.035,6.622,62.155,17,18.9053706253169,11.3609856726624,10.0453776635357
5379.77,1,1,1,3,1,1,"2","1",2,449.276,11.482,108.15,4,19.3210977685262,11.5640082371995,10.3123136727765
1076.39,1,1,1,3,1,1,"2","1",2,449.276,11.482,108.15,4,19.3210977685262,11.5640082371995,10.3123136727765
8284.09,1,2,1,3,1,1,"2","1",2,97.349,7.419,68.003,36,16.2991640895942,9.84022821289694,9.00650913169435
1193.25,1,0,1,3,1,1,"2","1",2,97.349,7.419,68.003,27,16.2991640895942,9.84022821289694,9.00650913169435
6383.32,1,6,1,2,1,1,"3","2",2,165.46,7.631,73.694,21,17.9230410195187,11.1699843502004,10.5588549812592
1450.48,1,2,1,3,1,1,"3","2",2,165.46,7.631,73.694,13,17.9230410195187,11.1699843502004,10.5588549812592
250,2,2,1,1,1,1,"2","1",2,374.269,11.676,108.946,22,18.4888434242593,11.1504048971874,10.4745235947011
522.29,1,1,1,1,1,1,"2","1",2,374.269,11.676,108.946,9,18.4888434242593,11.1504048971874,10.4745235947011
320.19,1,1,1,1,1,1,"2","1",2,374.269,11.676,108.946,39,18.4888434242593,11.1504048971874,10.4745235947011
6555.9,2,2,2,3,1,1,"3","3",2,327.763,5.886,55.101,67,19.3756285378507,11.4206785884578,10.4556758246428
219.03,1,0,1,1,2,1,"3","3",2,327.763,5.886,55.101,14,19.3756285378507,11.4206785884578,10.4556758246428
111.6,1,0,1,1,2,1,"3","3",2,327.763,5.886,55.101,41,19.3756285378507,11.4206785884578,10.4556758246428
4971.9,1,0,1,3,1,1,"3","3",2,327.763,5.886,55.101,25,19.3756285378507,11.4206785884578,10.4556758246428
1256.4,1,1,1,3,1,1,"3","3",2,327.763,5.886,55.101,44,19.3756285378507,11.4206785884578,10.4556758246428
271.1,1,0,1,3,1,1,"3","3",2,327.763,5.886,55.101,12,19.3756285378507,11.4206785884578,10.4556758246428
473.71,1,2,1,3,1,1,"3","3",2,327.763,5.886,55.101,41,19.3756285378507,11.4206785884578,10.4556758246428
842.24,1,2,1,3,2,2,"3","3",2,327.763,5.886,55.101,62,19.3756285378507,11.4206785884578,10.4556758246428
1389.02,1,4,1,3,1,2,"3","3",2,327.763,5.886,55.101,45,19.3756285378507,11.4206785884578,10.4556758246428
355.09,1,1,1,3,1,1,"3","3",2,327.763,5.886,55.101,40,19.3756285378507,11.4206785884578,10.4556758246428
157.61,1,2,1,3,1,1,"3","3",2,327.763,5.886,55.101,30,19.3756285378507,11.4206785884578,10.4556758246428
207.82,2,2,1,3,1,1,"3","3",2,327.763,5.886,55.101,30,19.3756285378507,11.4206785884578,10.4556758246428
2671.75,1,1,1,3,1,1,"3","3",2,327.763,5.886,55.101,40,19.3756285378507,11.4206785884578,10.4556758246428
